Period,Hypothesis,Lag (min),Correlation
2025-11-28 14:34:00+00:00 → 2025-11-28 15:08:00+00:00,EWJ follows QQQ,0,0.6422491956534803
2025-11-28 14:34:00+00:00 → 2025-11-28 15:08:00+00:00,EWT follows QQQ,0,0.9156260038632253
2025-11-28 14:34:00+00:00 → 2025-11-28 15:08:00+00:00,EWC follows QQQ,-4,0.35293431164134154
2025-11-28 14:34:00+00:00 → 2025-11-28 15:08:00+00:00,EWU follows QQQ,-4,0.18916438433961394
2025-11-28 14:34:00+00:00 → 2025-11-28 15:08:00+00:00,XLK follows QQQ,0,0.9362285918045442
2025-11-28 14:35:00+00:00 → 2025-11-28 15:09:00+00:00,EWJ follows QQQ,0,0.6306148482249228
2025-11-28 14:35:00+00:00 → 2025-11-28 15:09:00+00:00,EWT follows QQQ,0,0.9147537361355317
2025-11-28 14:35:00+00:00 → 2025-11-28 15:09:00+00:00,EWC follows QQQ,-5,0.3272417163294051
2025-11-28 14:35:00+00:00 → 2025-11-28 15:09:00+00:00,EWU follows QQQ,-4,0.08612423780569146
2025-11-28 14:35:00+00:00 → 2025-11-28 15:09:00+00:00,XLK follows QQQ,0,0.9344181475253782
2025-11-28 14:36:00+00:00 → 2025-11-28 15:10:00+00:00,EWJ follows QQQ,0,0.6651812640149076
2025-11-28 14:36:00+00:00 → 2025-11-28 15:10:00+00:00,EWT follows QQQ,0,0.9125340082307364
2025-11-28 14:36:00+00:00 → 2025-11-28 15:10:00+00:00,EWC follows QQQ,-4,0.1396140878360017
2025-11-28 14:36:00+00:00 → 2025-11-28 15:10:00+00:00,EWU follows QQQ,-4,0.1475155960295246
2025-11-28 14:36:00+00:00 → 2025-11-28 15:10:00+00:00,XLK follows QQQ,0,0.9350618159546524
2025-11-28 14:37:00+00:00 → 2025-11-28 15:11:00+00:00,EWJ follows QQQ,0,0.6823603510546653
2025-11-28 14:37:00+00:00 → 2025-11-28 15:11:00+00:00,EWT follows QQQ,0,0.9115319966271196
2025-11-28 14:37:00+00:00 → 2025-11-28 15:11:00+00:00,EWC follows QQQ,-4,0.09633223263286428
2025-11-28 14:37:00+00:00 → 2025-11-28 15:11:00+00:00,EWU follows QQQ,-4,0.190206795256748
2025-11-28 14:37:00+00:00 → 2025-11-28 15:11:00+00:00,XLK follows QQQ,0,0.9389085730709202
2025-11-28 14:38:00+00:00 → 2025-11-28 15:12:00+00:00,EWJ follows QQQ,0,0.6409604176095993
2025-11-28 14:38:00+00:00 → 2025-11-28 15:12:00+00:00,EWT follows QQQ,0,0.9057631740387284
2025-11-28 14:38:00+00:00 → 2025-11-28 15:12:00+00:00,EWC follows QQQ,-4,0.17143868522225347
2025-11-28 14:38:00+00:00 → 2025-11-28 15:12:00+00:00,EWU follows QQQ,-4,0.22747385310504709
2025-11-28 14:38:00+00:00 → 2025-11-28 15:12:00+00:00,XLK follows QQQ,0,0.9345704205838578
2025-11-28 14:39:00+00:00 → 2025-11-28 15:15:00+00:00,EWJ follows QQQ,0,0.6187683333420203
2025-11-28 14:39:00+00:00 → 2025-11-28 15:15:00+00:00,EWT follows QQQ,0,0.8991521648080104
2025-11-28 14:39:00+00:00 → 2025-11-28 15:15:00+00:00,EWC follows QQQ,-4,0.17132738992098026
2025-11-28 14:39:00+00:00 → 2025-11-28 15:15:00+00:00,EWU follows QQQ,-4,0.24916651176396126
2025-11-28 14:39:00+00:00 → 2025-11-28 15:15:00+00:00,XLK follows QQQ,0,0.9305233936961389
2025-11-28 14:40:00+00:00 → 2025-11-28 15:18:00+00:00,EWJ follows QQQ,0,0.6085322627577994
2025-11-28 14:40:00+00:00 → 2025-11-28 15:18:00+00:00,EWT follows QQQ,0,0.8858380611264457
2025-11-28 14:40:00+00:00 → 2025-11-28 15:18:00+00:00,EWC follows QQQ,-2,0.1264861064041308
2025-11-28 14:40:00+00:00 → 2025-11-28 15:18:00+00:00,EWU follows QQQ,-4,0.1977105052745354
2025-11-28 14:40:00+00:00 → 2025-11-28 15:18:00+00:00,XLK follows QQQ,0,0.9169165809771335
2025-11-28 14:41:00+00:00 → 2025-11-28 15:19:00+00:00,EWJ follows QQQ,0,0.663547951852357
2025-11-28 14:41:00+00:00 → 2025-11-28 15:19:00+00:00,EWT follows QQQ,0,0.8570402280229131
2025-11-28 14:41:00+00:00 → 2025-11-28 15:19:00+00:00,EWC follows QQQ,-4,0.16549488479516425
2025-11-28 14:41:00+00:00 → 2025-11-28 15:19:00+00:00,EWU follows QQQ,-4,0.20437139204829552
2025-11-28 14:41:00+00:00 → 2025-11-28 15:19:00+00:00,XLK follows QQQ,0,0.9016362250710966
2025-11-28 14:42:00+00:00 → 2025-11-28 15:20:00+00:00,EWJ follows QQQ,0,0.6374293133078757
2025-11-28 14:42:00+00:00 → 2025-11-28 15:20:00+00:00,EWT follows QQQ,0,0.857994785545112
2025-11-28 14:42:00+00:00 → 2025-11-28 15:20:00+00:00,EWC follows QQQ,-4,0.14553166992024216
2025-11-28 14:42:00+00:00 → 2025-11-28 15:20:00+00:00,EWU follows QQQ,-4,0.21211317569841737
2025-11-28 14:42:00+00:00 → 2025-11-28 15:20:00+00:00,XLK follows QQQ,0,0.8975950615047752
2025-11-28 14:43:00+00:00 → 2025-11-28 15:21:00+00:00,EWJ follows QQQ,0,0.4996269742372812
2025-11-28 14:43:00+00:00 → 2025-11-28 15:21:00+00:00,EWT follows QQQ,0,0.8357004872195402
2025-11-28 14:43:00+00:00 → 2025-11-28 15:21:00+00:00,EWC follows QQQ,-2,0.2780296500793726
2025-11-28 14:43:00+00:00 → 2025-11-28 15:21:00+00:00,EWU follows QQQ,-4,0.17651988897224183
2025-11-28 14:43:00+00:00 → 2025-11-28 15:21:00+00:00,XLK follows QQQ,0,0.8907368764756898
2025-11-28 14:44:00+00:00 → 2025-11-28 15:22:00+00:00,EWJ follows QQQ,0,0.42902867601227074
2025-11-28 14:44:00+00:00 → 2025-11-28 15:22:00+00:00,EWT follows QQQ,0,0.8284296584064097
2025-11-28 14:44:00+00:00 → 2025-11-28 15:22:00+00:00,EWC follows QQQ,-2,0.27137354887252485
2025-11-28 14:44:00+00:00 → 2025-11-28 15:22:00+00:00,EWU follows QQQ,1,0.21896085557419273
2025-11-28 14:44:00+00:00 → 2025-11-28 15:22:00+00:00,XLK follows QQQ,0,0.8838928494057596
2025-11-28 14:45:00+00:00 → 2025-11-28 15:27:00+00:00,EWJ follows QQQ,0,0.43240476556139906
2025-11-28 14:45:00+00:00 → 2025-11-28 15:27:00+00:00,EWT follows QQQ,0,0.7913184609038203
2025-11-28 14:45:00+00:00 → 2025-11-28 15:27:00+00:00,EWC follows QQQ,-2,0.17537490953005017
2025-11-28 14:45:00+00:00 → 2025-11-28 15:27:00+00:00,EWU follows QQQ,1,0.2257123313817801
2025-11-28 14:45:00+00:00 → 2025-11-28 15:27:00+00:00,XLK follows QQQ,0,0.8940507989900895
2025-11-28 14:46:00+00:00 → 2025-11-28 15:32:00+00:00,EWJ follows QQQ,0,0.40078406136892464
2025-11-28 14:46:00+00:00 → 2025-11-28 15:32:00+00:00,EWT follows QQQ,0,0.794538953952879
2025-11-28 14:46:00+00:00 → 2025-11-28 15:32:00+00:00,EWC follows QQQ,-2,0.17042945276548024
2025-11-28 14:46:00+00:00 → 2025-11-28 15:32:00+00:00,EWU follows QQQ,-4,0.24133978482439108
2025-11-28 14:46:00+00:00 → 2025-11-28 15:32:00+00:00,XLK follows QQQ,0,0.9029745671160179
2025-11-28 14:47:00+00:00 → 2025-11-28 15:33:00+00:00,EWJ follows QQQ,0,0.38728853454457074
2025-11-28 14:47:00+00:00 → 2025-11-28 15:33:00+00:00,EWT follows QQQ,0,0.7742356297096215
2025-11-28 14:47:00+00:00 → 2025-11-28 15:33:00+00:00,EWC follows QQQ,-2,0.14253453281992837
2025-11-28 14:47:00+00:00 → 2025-11-28 15:33:00+00:00,EWU follows QQQ,-4,0.2928090259370505
2025-11-28 14:47:00+00:00 → 2025-11-28 15:33:00+00:00,XLK follows QQQ,0,0.9081129077618715
2025-11-28 14:48:00+00:00 → 2025-11-28 15:34:00+00:00,EWJ follows QQQ,-5,0.4568436541096028
2025-11-28 14:48:00+00:00 → 2025-11-28 15:34:00+00:00,EWT follows QQQ,0,0.7521316116757526
2025-11-28 14:48:00+00:00 → 2025-11-28 15:34:00+00:00,EWC follows QQQ,-2,0.1388397920661072
2025-11-28 14:48:00+00:00 → 2025-11-28 15:34:00+00:00,EWU follows QQQ,1,0.274095156430974
2025-11-28 14:48:00+00:00 → 2025-11-28 15:34:00+00:00,XLK follows QQQ,0,0.9074237318281535
2025-11-28 14:49:00+00:00 → 2025-11-28 15:35:00+00:00,EWJ follows QQQ,-5,0.36787293384249364
2025-11-28 14:49:00+00:00 → 2025-11-28 15:35:00+00:00,EWT follows QQQ,0,0.7323684578646292
2025-11-28 14:49:00+00:00 → 2025-11-28 15:35:00+00:00,EWC follows QQQ,0,0.13580239217084228
2025-11-28 14:49:00+00:00 → 2025-11-28 15:35:00+00:00,EWU follows QQQ,1,0.29563347882966273
2025-11-28 14:49:00+00:00 → 2025-11-28 15:35:00+00:00,XLK follows QQQ,0,0.8970202325810455
2025-11-28 14:50:00+00:00 → 2025-11-28 15:36:00+00:00,EWJ follows QQQ,-5,0.36606402832034657
2025-11-28 14:50:00+00:00 → 2025-11-28 15:36:00+00:00,EWT follows QQQ,0,0.7114578900353999
2025-11-28 14:50:00+00:00 → 2025-11-28 15:36:00+00:00,EWC follows QQQ,-2,0.13612097595739905
2025-11-28 14:50:00+00:00 → 2025-11-28 15:36:00+00:00,EWU follows QQQ,-4,0.301162953650119
2025-11-28 14:50:00+00:00 → 2025-11-28 15:36:00+00:00,XLK follows QQQ,0,0.8905978257599365
2025-11-28 14:51:00+00:00 → 2025-11-28 15:37:00+00:00,EWJ follows QQQ,-5,0.38264354282002316
2025-11-28 14:51:00+00:00 → 2025-11-28 15:37:00+00:00,EWT follows QQQ,0,0.7090463260155393
2025-11-28 14:51:00+00:00 → 2025-11-28 15:37:00+00:00,EWC follows QQQ,-2,0.1886055559411935
2025-11-28 14:51:00+00:00 → 2025-11-28 15:37:00+00:00,EWU follows QQQ,-4,0.3136950410385062
2025-11-28 14:51:00+00:00 → 2025-11-28 15:37:00+00:00,XLK follows QQQ,0,0.8935825027282727
2025-11-28 14:52:00+00:00 → 2025-11-28 15:38:00+00:00,EWJ follows QQQ,-5,0.4027186768843305
2025-11-28 14:52:00+00:00 → 2025-11-28 15:38:00+00:00,EWT follows QQQ,0,0.716573327679154
2025-11-28 14:52:00+00:00 → 2025-11-28 15:38:00+00:00,EWC follows QQQ,-2,0.30294162150415843
2025-11-28 14:52:00+00:00 → 2025-11-28 15:38:00+00:00,EWU follows QQQ,-4,0.27135861081307827
2025-11-28 14:52:00+00:00 → 2025-11-28 15:38:00+00:00,XLK follows QQQ,0,0.9069068426871398
2025-11-28 14:53:00+00:00 → 2025-11-28 15:39:00+00:00,EWJ follows QQQ,1,0.38600569630522347
2025-11-28 14:53:00+00:00 → 2025-11-28 15:39:00+00:00,EWT follows QQQ,0,0.6376624927146022
2025-11-28 14:53:00+00:00 → 2025-11-28 15:39:00+00:00,EWC follows QQQ,-2,0.29864813836747806
2025-11-28 14:53:00+00:00 → 2025-11-28 15:39:00+00:00,EWU follows QQQ,1,0.35060779970843886
2025-11-28 14:53:00+00:00 → 2025-11-28 15:39:00+00:00,XLK follows QQQ,0,0.8744445173571961
2025-11-28 14:54:00+00:00 → 2025-11-28 15:40:00+00:00,EWJ follows QQQ,1,0.38322247118049213
2025-11-28 14:54:00+00:00 → 2025-11-28 15:40:00+00:00,EWT follows QQQ,0,0.6298809321100716
2025-11-28 14:54:00+00:00 → 2025-11-28 15:40:00+00:00,EWC follows QQQ,-2,0.2995638025014493
2025-11-28 14:54:00+00:00 → 2025-11-28 15:40:00+00:00,EWU follows QQQ,1,0.359309782479654
2025-11-28 14:54:00+00:00 → 2025-11-28 15:40:00+00:00,XLK follows QQQ,0,0.8620638824875707
2025-11-28 14:55:00+00:00 → 2025-11-28 15:41:00+00:00,EWJ follows QQQ,1,0.3761402274688991
2025-11-28 14:55:00+00:00 → 2025-11-28 15:41:00+00:00,EWT follows QQQ,0,0.6367565702234932
2025-11-28 14:55:00+00:00 → 2025-11-28 15:41:00+00:00,EWC follows QQQ,-2,0.2810438539863223
2025-11-28 14:55:00+00:00 → 2025-11-28 15:41:00+00:00,EWU follows QQQ,1,0.3595798701875613
2025-11-28 14:55:00+00:00 → 2025-11-28 15:41:00+00:00,XLK follows QQQ,0,0.8739079935136279
2025-11-28 14:56:00+00:00 → 2025-11-28 15:42:00+00:00,EWJ follows QQQ,1,0.3776601119600334
2025-11-28 14:56:00+00:00 → 2025-11-28 15:42:00+00:00,EWT follows QQQ,0,0.6433018391396864
2025-11-28 14:56:00+00:00 → 2025-11-28 15:42:00+00:00,EWC follows QQQ,-2,0.332298996653612
2025-11-28 14:56:00+00:00 → 2025-11-28 15:42:00+00:00,EWU follows QQQ,1,0.37377773674537795
2025-11-28 14:56:00+00:00 → 2025-11-28 15:42:00+00:00,XLK follows QQQ,0,0.8881633981438927
2025-11-28 14:59:00+00:00 → 2025-11-28 15:43:00+00:00,EWJ follows QQQ,1,0.3686241713672046
2025-11-28 14:59:00+00:00 → 2025-11-28 15:43:00+00:00,EWT follows QQQ,0,0.6756723271451861
2025-11-28 14:59:00+00:00 → 2025-11-28 15:43:00+00:00,EWC follows QQQ,-2,0.32109357594049176
2025-11-28 14:59:00+00:00 → 2025-11-28 15:43:00+00:00,EWU follows QQQ,1,0.38475763083175807
2025-11-28 14:59:00+00:00 → 2025-11-28 15:43:00+00:00,XLK follows QQQ,0,0.889738550034342
2025-11-28 15:00:00+00:00 → 2025-11-28 15:44:00+00:00,EWJ follows QQQ,1,0.4023446179058715
2025-11-28 15:00:00+00:00 → 2025-11-28 15:44:00+00:00,EWT follows QQQ,0,0.6852453566964432
2025-11-28 15:00:00+00:00 → 2025-11-28 15:44:00+00:00,EWC follows QQQ,-2,0.33139018746653714
2025-11-28 15:00:00+00:00 → 2025-11-28 15:44:00+00:00,EWU follows QQQ,1,0.37271005324187373
2025-11-28 15:00:00+00:00 → 2025-11-28 15:44:00+00:00,XLK follows QQQ,0,0.8772938274585234
2025-11-28 15:01:00+00:00 → 2025-11-28 15:45:00+00:00,EWJ follows QQQ,1,0.3803710623502697
2025-11-28 15:01:00+00:00 → 2025-11-28 15:45:00+00:00,EWT follows QQQ,0,0.6856102887870339
2025-11-28 15:01:00+00:00 → 2025-11-28 15:45:00+00:00,EWC follows QQQ,-2,0.2081667906291203
2025-11-28 15:01:00+00:00 → 2025-11-28 15:45:00+00:00,EWU follows QQQ,1,0.3660492183545054
2025-11-28 15:01:00+00:00 → 2025-11-28 15:45:00+00:00,XLK follows QQQ,0,0.8869099252420236
2025-11-28 15:05:00+00:00 → 2025-11-28 15:46:00+00:00,EWJ follows QQQ,1,0.4123572243586442
2025-11-28 15:05:00+00:00 → 2025-11-28 15:46:00+00:00,EWT follows QQQ,0,0.6847326185274218
2025-11-28 15:05:00+00:00 → 2025-11-28 15:46:00+00:00,EWC follows QQQ,-1,0.18348084152324245
2025-11-28 15:05:00+00:00 → 2025-11-28 15:46:00+00:00,EWU follows QQQ,3,0.3272198256694444
2025-11-28 15:05:00+00:00 → 2025-11-28 15:46:00+00:00,XLK follows QQQ,0,0.8878731426337835
2025-11-28 15:06:00+00:00 → 2025-11-28 15:47:00+00:00,EWJ follows QQQ,1,0.43676908874868275
2025-11-28 15:06:00+00:00 → 2025-11-28 15:47:00+00:00,EWT follows QQQ,0,0.6416921022276204
2025-11-28 15:06:00+00:00 → 2025-11-28 15:47:00+00:00,EWC follows QQQ,0,0.2196098788252553
2025-11-28 15:06:00+00:00 → 2025-11-28 15:47:00+00:00,EWU follows QQQ,-4,0.31769568873262666
2025-11-28 15:06:00+00:00 → 2025-11-28 15:47:00+00:00,XLK follows QQQ,0,0.87722256098074
2025-11-28 15:07:00+00:00 → 2025-11-28 15:48:00+00:00,EWJ follows QQQ,1,0.38914494157382457
2025-11-28 15:07:00+00:00 → 2025-11-28 15:48:00+00:00,EWT follows QQQ,0,0.5735375241456988
2025-11-28 15:07:00+00:00 → 2025-11-28 15:48:00+00:00,EWC follows QQQ,0,0.25261797319892576
2025-11-28 15:07:00+00:00 → 2025-11-28 15:48:00+00:00,EWU follows QQQ,-4,0.2552264409277521
2025-11-28 15:07:00+00:00 → 2025-11-28 15:48:00+00:00,XLK follows QQQ,0,0.8619702361728041
2025-11-28 15:08:00+00:00 → 2025-11-28 15:49:00+00:00,EWJ follows QQQ,1,0.4287689206174545
2025-11-28 15:08:00+00:00 → 2025-11-28 15:49:00+00:00,EWT follows QQQ,0,0.5566686045862307
2025-11-28 15:08:00+00:00 → 2025-11-28 15:49:00+00:00,EWC follows QQQ,0,0.24414420274806914
2025-11-28 15:08:00+00:00 → 2025-11-28 15:49:00+00:00,EWU follows QQQ,-4,0.2468368091450625
2025-11-28 15:08:00+00:00 → 2025-11-28 15:49:00+00:00,XLK follows QQQ,0,0.8646230866955665
2025-11-28 15:09:00+00:00 → 2025-11-28 15:50:00+00:00,EWJ follows QQQ,1,0.4070509366001187
2025-11-28 15:09:00+00:00 → 2025-11-28 15:50:00+00:00,EWT follows QQQ,0,0.5816678616886047
2025-11-28 15:09:00+00:00 → 2025-11-28 15:50:00+00:00,EWC follows QQQ,0,0.3005952527647532
2025-11-28 15:09:00+00:00 → 2025-11-28 15:50:00+00:00,EWU follows QQQ,-4,0.21737474312147176
2025-11-28 15:09:00+00:00 → 2025-11-28 15:50:00+00:00,XLK follows QQQ,0,0.8617972660445812
2025-11-28 15:10:00+00:00 → 2025-11-28 15:51:00+00:00,EWJ follows QQQ,1,0.3697590266516299
2025-11-28 15:10:00+00:00 → 2025-11-28 15:51:00+00:00,EWT follows QQQ,0,0.5725190327220231
2025-11-28 15:10:00+00:00 → 2025-11-28 15:51:00+00:00,EWC follows QQQ,0,0.305850557197725
2025-11-28 15:10:00+00:00 → 2025-11-28 15:51:00+00:00,EWU follows QQQ,1,0.195325370334296
2025-11-28 15:10:00+00:00 → 2025-11-28 15:51:00+00:00,XLK follows QQQ,0,0.8613240981669454
2025-11-28 15:11:00+00:00 → 2025-11-28 15:52:00+00:00,EWJ follows QQQ,1,0.3477487790326815
2025-11-28 15:11:00+00:00 → 2025-11-28 15:52:00+00:00,EWT follows QQQ,0,0.5720058995072855
2025-11-28 15:11:00+00:00 → 2025-11-28 15:52:00+00:00,EWC follows QQQ,0,0.21075664309713726
2025-11-28 15:11:00+00:00 → 2025-11-28 15:52:00+00:00,EWU follows QQQ,-4,0.1551847501807403
2025-11-28 15:11:00+00:00 → 2025-11-28 15:52:00+00:00,XLK follows QQQ,0,0.8522595222017271
2025-11-28 15:12:00+00:00 → 2025-11-28 15:53:00+00:00,EWJ follows QQQ,1,0.34942520877228805
2025-11-28 15:12:00+00:00 → 2025-11-28 15:53:00+00:00,EWT follows QQQ,0,0.463716432319588
2025-11-28 15:12:00+00:00 → 2025-11-28 15:53:00+00:00,EWC follows QQQ,0,0.18665397369763623
2025-11-28 15:12:00+00:00 → 2025-11-28 15:53:00+00:00,EWU follows QQQ,-4,0.16303003271180627
2025-11-28 15:12:00+00:00 → 2025-11-28 15:53:00+00:00,XLK follows QQQ,0,0.850753757363168
2025-11-28 15:15:00+00:00 → 2025-11-28 15:56:00+00:00,EWJ follows QQQ,1,0.3969770621745258
2025-11-28 15:15:00+00:00 → 2025-11-28 15:56:00+00:00,EWT follows QQQ,0,0.453575294005894
2025-11-28 15:15:00+00:00 → 2025-11-28 15:56:00+00:00,EWC follows QQQ,-3,0.19203142197507655
2025-11-28 15:15:00+00:00 → 2025-11-28 15:56:00+00:00,EWU follows QQQ,-5,0.2719062411188686
2025-11-28 15:15:00+00:00 → 2025-11-28 15:56:00+00:00,XLK follows QQQ,0,0.8599268647996069
2025-11-28 15:18:00+00:00 → 2025-11-28 15:57:00+00:00,EWJ follows QQQ,1,0.4002569317766024
2025-11-28 15:18:00+00:00 → 2025-11-28 15:57:00+00:00,EWT follows QQQ,0,0.4498499644432702
2025-11-28 15:18:00+00:00 → 2025-11-28 15:57:00+00:00,EWC follows QQQ,-4,0.2273481091680112
2025-11-28 15:18:00+00:00 → 2025-11-28 15:57:00+00:00,EWU follows QQQ,-5,0.28967205746723784
2025-11-28 15:18:00+00:00 → 2025-11-28 15:57:00+00:00,XLK follows QQQ,0,0.8695847227609056
2025-11-28 15:19:00+00:00 → 2025-11-28 15:58:00+00:00,EWJ follows QQQ,1,0.4098958468908896
2025-11-28 15:19:00+00:00 → 2025-11-28 15:58:00+00:00,EWT follows QQQ,0,0.44983005449507213
2025-11-28 15:19:00+00:00 → 2025-11-28 15:58:00+00:00,EWC follows QQQ,-4,0.20432872198201324
2025-11-28 15:19:00+00:00 → 2025-11-28 15:58:00+00:00,EWU follows QQQ,-5,0.29405207577766684
2025-11-28 15:19:00+00:00 → 2025-11-28 15:58:00+00:00,XLK follows QQQ,0,0.8801637991455242
2025-11-28 15:20:00+00:00 → 2025-11-28 16:02:00+00:00,EWJ follows QQQ,1,0.41062774688947834
2025-11-28 15:20:00+00:00 → 2025-11-28 16:02:00+00:00,EWT follows QQQ,0,0.46452776630624104
2025-11-28 15:20:00+00:00 → 2025-11-28 16:02:00+00:00,EWC follows QQQ,1,0.13602024324361148
2025-11-28 15:20:00+00:00 → 2025-11-28 16:02:00+00:00,EWU follows QQQ,-5,0.3136022326687407
2025-11-28 15:20:00+00:00 → 2025-11-28 16:02:00+00:00,XLK follows QQQ,0,0.9052993640383581
2025-11-28 15:21:00+00:00 → 2025-11-28 16:05:00+00:00,EWJ follows QQQ,1,0.3877465465087849
2025-11-28 15:21:00+00:00 → 2025-11-28 16:05:00+00:00,EWT follows QQQ,0,0.4874154782932244
2025-11-28 15:21:00+00:00 → 2025-11-28 16:05:00+00:00,EWC follows QQQ,1,0.1723025832695446
2025-11-28 15:21:00+00:00 → 2025-11-28 16:05:00+00:00,EWU follows QQQ,-5,0.1877317326474419
2025-11-28 15:21:00+00:00 → 2025-11-28 16:05:00+00:00,XLK follows QQQ,0,0.9080045564621902
2025-11-28 15:22:00+00:00 → 2025-11-28 16:06:00+00:00,EWJ follows QQQ,3,0.3181458079810423
2025-11-28 15:22:00+00:00 → 2025-11-28 16:06:00+00:00,EWT follows QQQ,0,0.4749677907733636
2025-11-28 15:22:00+00:00 → 2025-11-28 16:06:00+00:00,EWC follows QQQ,1,0.23912171428001922
2025-11-28 15:22:00+00:00 → 2025-11-28 16:06:00+00:00,EWU follows QQQ,-5,0.21683617517989234
2025-11-28 15:22:00+00:00 → 2025-11-28 16:06:00+00:00,XLK follows QQQ,0,0.8910791997967188
2025-11-28 15:27:00+00:00 → 2025-11-28 16:07:00+00:00,EWJ follows QQQ,3,0.35341570386794624
2025-11-28 15:27:00+00:00 → 2025-11-28 16:07:00+00:00,EWT follows QQQ,0,0.4612964201413485
2025-11-28 15:27:00+00:00 → 2025-11-28 16:07:00+00:00,EWC follows QQQ,1,0.19648535124483021
2025-11-28 15:27:00+00:00 → 2025-11-28 16:07:00+00:00,EWU follows QQQ,-5,0.2446131788942267
2025-11-28 15:27:00+00:00 → 2025-11-28 16:07:00+00:00,XLK follows QQQ,0,0.8946119844520573
2025-11-28 15:32:00+00:00 → 2025-11-28 16:08:00+00:00,EWJ follows QQQ,3,0.3892929306553251
2025-11-28 15:32:00+00:00 → 2025-11-28 16:08:00+00:00,EWT follows QQQ,0,0.46940451381834575
2025-11-28 15:32:00+00:00 → 2025-11-28 16:08:00+00:00,EWC follows QQQ,1,0.18694238276950667
2025-11-28 15:32:00+00:00 → 2025-11-28 16:08:00+00:00,EWU follows QQQ,-5,0.23446632231294354
2025-11-28 15:32:00+00:00 → 2025-11-28 16:08:00+00:00,XLK follows QQQ,0,0.8996236813664775
2025-11-28 15:33:00+00:00 → 2025-11-28 16:09:00+00:00,EWJ follows QQQ,3,0.3392802834592906
2025-11-28 15:33:00+00:00 → 2025-11-28 16:09:00+00:00,EWT follows QQQ,0,0.5233923383802096
2025-11-28 15:33:00+00:00 → 2025-11-28 16:09:00+00:00,EWC follows QQQ,1,0.21868340408302295
2025-11-28 15:33:00+00:00 → 2025-11-28 16:09:00+00:00,EWU follows QQQ,-5,0.194475407077159
2025-11-28 15:33:00+00:00 → 2025-11-28 16:09:00+00:00,XLK follows QQQ,0,0.8950152988797756
2025-11-28 15:34:00+00:00 → 2025-11-28 16:12:00+00:00,EWJ follows QQQ,3,0.27737526195832807
2025-11-28 15:34:00+00:00 → 2025-11-28 16:12:00+00:00,EWT follows QQQ,0,0.5127092893002514
2025-11-28 15:34:00+00:00 → 2025-11-28 16:12:00+00:00,EWC follows QQQ,1,0.2299712476981455
2025-11-28 15:34:00+00:00 → 2025-11-28 16:12:00+00:00,EWU follows QQQ,-5,0.1788879609949806
2025-11-28 15:34:00+00:00 → 2025-11-28 16:12:00+00:00,XLK follows QQQ,0,0.8920901559758357
2025-11-28 15:35:00+00:00 → 2025-11-28 16:15:00+00:00,EWJ follows QQQ,3,0.28067055181690687
2025-11-28 15:35:00+00:00 → 2025-11-28 16:15:00+00:00,EWT follows QQQ,0,0.5256502828236354
2025-11-28 15:35:00+00:00 → 2025-11-28 16:15:00+00:00,EWC follows QQQ,4,0.21447105241755662
2025-11-28 15:35:00+00:00 → 2025-11-28 16:15:00+00:00,EWU follows QQQ,-5,0.16864820598708571
2025-11-28 15:35:00+00:00 → 2025-11-28 16:15:00+00:00,XLK follows QQQ,0,0.9090626285445674
2025-11-28 15:36:00+00:00 → 2025-11-28 16:16:00+00:00,EWJ follows QQQ,3,0.28918899774244006
2025-11-28 15:36:00+00:00 → 2025-11-28 16:16:00+00:00,EWT follows QQQ,0,0.5216721997528572
2025-11-28 15:36:00+00:00 → 2025-11-28 16:16:00+00:00,EWC follows QQQ,1,0.23301958378289986
2025-11-28 15:36:00+00:00 → 2025-11-28 16:16:00+00:00,EWU follows QQQ,-4,0.14232417067026698
2025-11-28 15:36:00+00:00 → 2025-11-28 16:16:00+00:00,XLK follows QQQ,0,0.9048997909829697
2025-11-28 15:37:00+00:00 → 2025-11-28 16:17:00+00:00,EWJ follows QQQ,3,0.27356189410214743
2025-11-28 15:37:00+00:00 → 2025-11-28 16:17:00+00:00,EWT follows QQQ,0,0.5306468546870219
2025-11-28 15:37:00+00:00 → 2025-11-28 16:17:00+00:00,EWC follows QQQ,1,0.2447021885795699
2025-11-28 15:37:00+00:00 → 2025-11-28 16:17:00+00:00,EWU follows QQQ,-4,0.14282447419698227
2025-11-28 15:37:00+00:00 → 2025-11-28 16:17:00+00:00,XLK follows QQQ,0,0.905114806737107
2025-11-28 15:38:00+00:00 → 2025-11-28 16:18:00+00:00,EWJ follows QQQ,3,0.26439826922961507
2025-11-28 15:38:00+00:00 → 2025-11-28 16:18:00+00:00,EWT follows QQQ,0,0.5317445224635574
2025-11-28 15:38:00+00:00 → 2025-11-28 16:18:00+00:00,EWC follows QQQ,1,0.2760473654440568
2025-11-28 15:38:00+00:00 → 2025-11-28 16:18:00+00:00,EWU follows QQQ,-4,0.15001628080306972
2025-11-28 15:38:00+00:00 → 2025-11-28 16:18:00+00:00,XLK follows QQQ,0,0.9020780820452272
2025-11-28 15:39:00+00:00 → 2025-11-28 16:21:00+00:00,EWJ follows QQQ,3,0.3287878620187898
2025-11-28 15:39:00+00:00 → 2025-11-28 16:21:00+00:00,EWT follows QQQ,0,0.49806239629417953
2025-11-28 15:39:00+00:00 → 2025-11-28 16:21:00+00:00,EWC follows QQQ,4,0.25671115942290323
2025-11-28 15:39:00+00:00 → 2025-11-28 16:21:00+00:00,EWU follows QQQ,-4,0.1619995163528374
2025-11-28 15:39:00+00:00 → 2025-11-28 16:21:00+00:00,XLK follows QQQ,0,0.8887693536874706
2025-11-28 15:40:00+00:00 → 2025-11-28 16:22:00+00:00,EWJ follows QQQ,3,0.3533006843362186
2025-11-28 15:40:00+00:00 → 2025-11-28 16:22:00+00:00,EWT follows QQQ,0,0.5458521302860574
2025-11-28 15:40:00+00:00 → 2025-11-28 16:22:00+00:00,EWC follows QQQ,4,0.25520207278398593
2025-11-28 15:40:00+00:00 → 2025-11-28 16:22:00+00:00,EWU follows QQQ,-4,0.2797076768078145
2025-11-28 15:40:00+00:00 → 2025-11-28 16:22:00+00:00,XLK follows QQQ,0,0.894735508866209
2025-11-28 15:41:00+00:00 → 2025-11-28 16:23:00+00:00,EWJ follows QQQ,3,0.3702908583684029
2025-11-28 15:41:00+00:00 → 2025-11-28 16:23:00+00:00,EWT follows QQQ,0,0.5543342878551557
2025-11-28 15:41:00+00:00 → 2025-11-28 16:23:00+00:00,EWC follows QQQ,4,0.2538957109620208
2025-11-28 15:41:00+00:00 → 2025-11-28 16:23:00+00:00,EWU follows QQQ,-4,0.30586390911459144
2025-11-28 15:41:00+00:00 → 2025-11-28 16:23:00+00:00,XLK follows QQQ,0,0.8969457514077316
2025-11-28 15:42:00+00:00 → 2025-11-28 16:24:00+00:00,EWJ follows QQQ,-1,0.3348370246753119
2025-11-28 15:42:00+00:00 → 2025-11-28 16:24:00+00:00,EWT follows QQQ,0,0.5449764432031184
2025-11-28 15:42:00+00:00 → 2025-11-28 16:24:00+00:00,EWC follows QQQ,4,0.2445393445527895
2025-11-28 15:42:00+00:00 → 2025-11-28 16:24:00+00:00,EWU follows QQQ,-4,0.33556030201537
2025-11-28 15:42:00+00:00 → 2025-11-28 16:24:00+00:00,XLK follows QQQ,0,0.893155397811639
2025-11-28 15:43:00+00:00 → 2025-11-28 16:25:00+00:00,EWJ follows QQQ,3,0.37776675073847205
2025-11-28 15:43:00+00:00 → 2025-11-28 16:25:00+00:00,EWT follows QQQ,0,0.545845120382977
2025-11-28 15:43:00+00:00 → 2025-11-28 16:25:00+00:00,EWC follows QQQ,-3,0.30134333956592424
2025-11-28 15:43:00+00:00 → 2025-11-28 16:25:00+00:00,EWU follows QQQ,-4,0.37948670125842937
2025-11-28 15:43:00+00:00 → 2025-11-28 16:25:00+00:00,XLK follows QQQ,0,0.9070367227469349
2025-11-28 15:44:00+00:00 → 2025-11-28 16:26:00+00:00,EWJ follows QQQ,3,0.3741618947996266
2025-11-28 15:44:00+00:00 → 2025-11-28 16:26:00+00:00,EWT follows QQQ,0,0.6387436178625071
2025-11-28 15:44:00+00:00 → 2025-11-28 16:26:00+00:00,EWC follows QQQ,4,0.36502721896654045
2025-11-28 15:44:00+00:00 → 2025-11-28 16:26:00+00:00,EWU follows QQQ,-5,0.38162648065992494
2025-11-28 15:44:00+00:00 → 2025-11-28 16:26:00+00:00,XLK follows QQQ,0,0.9229059044592218
2025-11-28 15:45:00+00:00 → 2025-11-28 16:27:00+00:00,EWJ follows QQQ,0,0.42241349360681535
2025-11-28 15:45:00+00:00 → 2025-11-28 16:27:00+00:00,EWT follows QQQ,0,0.6715369433392132
2025-11-28 15:45:00+00:00 → 2025-11-28 16:27:00+00:00,EWC follows QQQ,0,0.38158939828731503
2025-11-28 15:45:00+00:00 → 2025-11-28 16:27:00+00:00,EWU follows QQQ,-4,0.43717814728232723
2025-11-28 15:45:00+00:00 → 2025-11-28 16:27:00+00:00,XLK follows QQQ,0,0.9283972498926277
2025-11-28 15:46:00+00:00 → 2025-11-28 16:28:00+00:00,EWJ follows QQQ,0,0.43981051583201936
2025-11-28 15:46:00+00:00 → 2025-11-28 16:28:00+00:00,EWT follows QQQ,0,0.6946432697835546
2025-11-28 15:46:00+00:00 → 2025-11-28 16:28:00+00:00,EWC follows QQQ,4,0.45687863101204745
2025-11-28 15:46:00+00:00 → 2025-11-28 16:28:00+00:00,EWU follows QQQ,-4,0.46052801479066857
2025-11-28 15:46:00+00:00 → 2025-11-28 16:28:00+00:00,XLK follows QQQ,0,0.9295055402202146
2025-11-28 15:47:00+00:00 → 2025-11-28 16:29:00+00:00,EWJ follows QQQ,0,0.5157378828252582
2025-11-28 15:47:00+00:00 → 2025-11-28 16:29:00+00:00,EWT follows QQQ,0,0.7048929819109999
2025-11-28 15:47:00+00:00 → 2025-11-28 16:29:00+00:00,EWC follows QQQ,1,0.4379263620345463
2025-11-28 15:47:00+00:00 → 2025-11-28 16:29:00+00:00,EWU follows QQQ,-4,0.39809506754698526
2025-11-28 15:47:00+00:00 → 2025-11-28 16:29:00+00:00,XLK follows QQQ,0,0.9263571384703867
2025-11-28 15:48:00+00:00 → 2025-11-28 16:30:00+00:00,EWJ follows QQQ,0,0.5532752944832872
2025-11-28 15:48:00+00:00 → 2025-11-28 16:30:00+00:00,EWT follows QQQ,0,0.7316506545813855
2025-11-28 15:48:00+00:00 → 2025-11-28 16:30:00+00:00,EWC follows QQQ,0,0.4375287613926672
2025-11-28 15:48:00+00:00 → 2025-11-28 16:30:00+00:00,EWU follows QQQ,-4,0.39476250170164606
2025-11-28 15:48:00+00:00 → 2025-11-28 16:30:00+00:00,XLK follows QQQ,0,0.9280488111816937
2025-11-28 15:49:00+00:00 → 2025-11-28 16:31:00+00:00,EWJ follows QQQ,0,0.5851987455115097
2025-11-28 15:49:00+00:00 → 2025-11-28 16:31:00+00:00,EWT follows QQQ,0,0.7346086075473043
2025-11-28 15:49:00+00:00 → 2025-11-28 16:31:00+00:00,EWC follows QQQ,0,0.4229525037089142
2025-11-28 15:49:00+00:00 → 2025-11-28 16:31:00+00:00,EWU follows QQQ,0,0.4374084811497442
2025-11-28 15:49:00+00:00 → 2025-11-28 16:31:00+00:00,XLK follows QQQ,0,0.9192371083716689
2025-11-28 15:50:00+00:00 → 2025-11-28 16:32:00+00:00,EWJ follows QQQ,0,0.6324220725436898
2025-11-28 15:50:00+00:00 → 2025-11-28 16:32:00+00:00,EWT follows QQQ,0,0.7594141681412179
2025-11-28 15:50:00+00:00 → 2025-11-28 16:32:00+00:00,EWC follows QQQ,0,0.4113721628155111
2025-11-28 15:50:00+00:00 → 2025-11-28 16:32:00+00:00,EWU follows QQQ,0,0.4810863008791766
2025-11-28 15:50:00+00:00 → 2025-11-28 16:32:00+00:00,XLK follows QQQ,0,0.9193040972198919
2025-11-28 15:51:00+00:00 → 2025-11-28 16:33:00+00:00,EWJ follows QQQ,0,0.6779787917839621
2025-11-28 15:51:00+00:00 → 2025-11-28 16:33:00+00:00,EWT follows QQQ,0,0.7431311649262914
2025-11-28 15:51:00+00:00 → 2025-11-28 16:33:00+00:00,EWC follows QQQ,0,0.381960039984783
2025-11-28 15:51:00+00:00 → 2025-11-28 16:33:00+00:00,EWU follows QQQ,0,0.4916873880475092
2025-11-28 15:51:00+00:00 → 2025-11-28 16:33:00+00:00,XLK follows QQQ,0,0.9207435732065455
2025-11-28 15:52:00+00:00 → 2025-11-28 16:34:00+00:00,EWJ follows QQQ,0,0.6792313691099156
2025-11-28 15:52:00+00:00 → 2025-11-28 16:34:00+00:00,EWT follows QQQ,0,0.7523929965910615
2025-11-28 15:52:00+00:00 → 2025-11-28 16:34:00+00:00,EWC follows QQQ,0,0.3816966482140713
2025-11-28 15:52:00+00:00 → 2025-11-28 16:34:00+00:00,EWU follows QQQ,0,0.48968665313222765
2025-11-28 15:52:00+00:00 → 2025-11-28 16:34:00+00:00,XLK follows QQQ,0,0.920203153684565
2025-11-28 15:53:00+00:00 → 2025-11-28 16:35:00+00:00,EWJ follows QQQ,0,0.6796818488545918
2025-11-28 15:53:00+00:00 → 2025-11-28 16:35:00+00:00,EWT follows QQQ,0,0.7501297051404241
2025-11-28 15:53:00+00:00 → 2025-11-28 16:35:00+00:00,EWC follows QQQ,0,0.3945809078666677
2025-11-28 15:53:00+00:00 → 2025-11-28 16:35:00+00:00,EWU follows QQQ,0,0.5345336697796109
2025-11-28 15:53:00+00:00 → 2025-11-28 16:35:00+00:00,XLK follows QQQ,0,0.9183232008378198
2025-11-28 15:56:00+00:00 → 2025-11-28 16:36:00+00:00,EWJ follows QQQ,0,0.6790401702267793
2025-11-28 15:56:00+00:00 → 2025-11-28 16:36:00+00:00,EWT follows QQQ,0,0.7926356212094717
2025-11-28 15:56:00+00:00 → 2025-11-28 16:36:00+00:00,EWC follows QQQ,0,0.44214662011349865
2025-11-28 15:56:00+00:00 → 2025-11-28 16:36:00+00:00,EWU follows QQQ,0,0.5602356954940362
2025-11-28 15:56:00+00:00 → 2025-11-28 16:36:00+00:00,XLK follows QQQ,0,0.9228686659897462
2025-11-28 15:57:00+00:00 → 2025-11-28 16:39:00+00:00,EWJ follows QQQ,0,0.664402529336914
2025-11-28 15:57:00+00:00 → 2025-11-28 16:39:00+00:00,EWT follows QQQ,0,0.7964479032369643
2025-11-28 15:57:00+00:00 → 2025-11-28 16:39:00+00:00,EWC follows QQQ,0,0.43952599950651594
2025-11-28 15:57:00+00:00 → 2025-11-28 16:39:00+00:00,EWU follows QQQ,0,0.5826151175375148
2025-11-28 15:57:00+00:00 → 2025-11-28 16:39:00+00:00,XLK follows QQQ,0,0.9224127016763918
2025-11-28 15:58:00+00:00 → 2025-11-28 16:42:00+00:00,EWJ follows QQQ,0,0.7046559015959392
2025-11-28 15:58:00+00:00 → 2025-11-28 16:42:00+00:00,EWT follows QQQ,0,0.8066467396025986
2025-11-28 15:58:00+00:00 → 2025-11-28 16:42:00+00:00,EWC follows QQQ,0,0.46104441618959047
2025-11-28 15:58:00+00:00 → 2025-11-28 16:42:00+00:00,EWU follows QQQ,0,0.5724147917883109
2025-11-28 15:58:00+00:00 → 2025-11-28 16:42:00+00:00,XLK follows QQQ,0,0.9222999528810394
2025-11-28 16:02:00+00:00 → 2025-11-28 16:43:00+00:00,EWJ follows QQQ,0,0.7357345433233559
2025-11-28 16:02:00+00:00 → 2025-11-28 16:43:00+00:00,EWT follows QQQ,0,0.7670219878766928
2025-11-28 16:02:00+00:00 → 2025-11-28 16:43:00+00:00,EWC follows QQQ,0,0.5033422450232696
2025-11-28 16:02:00+00:00 → 2025-11-28 16:43:00+00:00,EWU follows QQQ,-4,0.49512447648862623
2025-11-28 16:02:00+00:00 → 2025-11-28 16:43:00+00:00,XLK follows QQQ,0,0.9392056642247967
2025-11-28 16:05:00+00:00 → 2025-11-28 16:44:00+00:00,EWJ follows QQQ,0,0.7271937623333867
2025-11-28 16:05:00+00:00 → 2025-11-28 16:44:00+00:00,EWT follows QQQ,0,0.7563618817063187
2025-11-28 16:05:00+00:00 → 2025-11-28 16:44:00+00:00,EWC follows QQQ,0,0.5194809973603829
2025-11-28 16:05:00+00:00 → 2025-11-28 16:44:00+00:00,EWU follows QQQ,-4,0.4703666839239404
2025-11-28 16:05:00+00:00 → 2025-11-28 16:44:00+00:00,XLK follows QQQ,0,0.9404956470799948
2025-11-28 16:06:00+00:00 → 2025-11-28 16:48:00+00:00,EWJ follows QQQ,0,0.7194664254164994
2025-11-28 16:06:00+00:00 → 2025-11-28 16:48:00+00:00,EWT follows QQQ,0,0.754368894025902
2025-11-28 16:06:00+00:00 → 2025-11-28 16:48:00+00:00,EWC follows QQQ,0,0.5055313918817046
2025-11-28 16:06:00+00:00 → 2025-11-28 16:48:00+00:00,EWU follows QQQ,0,0.46509524266288393
2025-11-28 16:06:00+00:00 → 2025-11-28 16:48:00+00:00,XLK follows QQQ,0,0.9394161298900532
2025-11-28 16:07:00+00:00 → 2025-11-28 16:58:00+00:00,EWJ follows QQQ,0,0.6989517380076692
2025-11-28 16:07:00+00:00 → 2025-11-28 16:58:00+00:00,EWT follows QQQ,0,0.7343476613220308
2025-11-28 16:07:00+00:00 → 2025-11-28 16:58:00+00:00,EWC follows QQQ,0,0.5212218967743908
2025-11-28 16:07:00+00:00 → 2025-11-28 16:58:00+00:00,EWU follows QQQ,-4,0.4496088522037798
2025-11-28 16:07:00+00:00 → 2025-11-28 16:58:00+00:00,XLK follows QQQ,0,0.9334950964414122
2025-11-28 16:08:00+00:00 → 2025-11-28 16:59:00+00:00,EWJ follows QQQ,0,0.719478537386962
2025-11-28 16:08:00+00:00 → 2025-11-28 16:59:00+00:00,EWT follows QQQ,0,0.7469411638144179
2025-11-28 16:08:00+00:00 → 2025-11-28 16:59:00+00:00,EWC follows QQQ,0,0.5192545875071203
2025-11-28 16:08:00+00:00 → 2025-11-28 16:59:00+00:00,EWU follows QQQ,-4,0.45457734636281444
2025-11-28 16:08:00+00:00 → 2025-11-28 16:59:00+00:00,XLK follows QQQ,0,0.9326550636056595
2025-11-28 16:09:00+00:00 → 2025-11-28 17:00:00+00:00,EWJ follows QQQ,0,0.7295415229933975
2025-11-28 16:09:00+00:00 → 2025-11-28 17:00:00+00:00,EWT follows QQQ,0,0.7705722046061071
2025-11-28 16:09:00+00:00 → 2025-11-28 17:00:00+00:00,EWC follows QQQ,0,0.6283420074457094
2025-11-28 16:09:00+00:00 → 2025-11-28 17:00:00+00:00,EWU follows QQQ,0,0.45184756918308133
2025-11-28 16:09:00+00:00 → 2025-11-28 17:00:00+00:00,XLK follows QQQ,0,0.9406578955706775
2025-11-28 16:12:00+00:00 → 2025-11-28 17:01:00+00:00,EWJ follows QQQ,0,0.7477272304189373
2025-11-28 16:12:00+00:00 → 2025-11-28 17:01:00+00:00,EWT follows QQQ,0,0.767746191103265
2025-11-28 16:12:00+00:00 → 2025-11-28 17:01:00+00:00,EWC follows QQQ,0,0.6180851403124065
2025-11-28 16:12:00+00:00 → 2025-11-28 17:01:00+00:00,EWU follows QQQ,0,0.43775109943788076
2025-11-28 16:12:00+00:00 → 2025-11-28 17:01:00+00:00,XLK follows QQQ,0,0.9399919117608607
2025-11-28 16:15:00+00:00 → 2025-11-28 17:02:00+00:00,EWJ follows QQQ,0,0.7550201821453432
2025-11-28 16:15:00+00:00 → 2025-11-28 17:02:00+00:00,EWT follows QQQ,0,0.7627562858911976
2025-11-28 16:15:00+00:00 → 2025-11-28 17:02:00+00:00,EWC follows QQQ,0,0.5812046784753602
2025-11-28 16:15:00+00:00 → 2025-11-28 17:02:00+00:00,EWU follows QQQ,0,0.42217823025042833
2025-11-28 16:15:00+00:00 → 2025-11-28 17:02:00+00:00,XLK follows QQQ,0,0.9344232488960225
2025-11-28 16:16:00+00:00 → 2025-11-28 17:03:00+00:00,EWJ follows QQQ,0,0.7720554593341982
2025-11-28 16:16:00+00:00 → 2025-11-28 17:03:00+00:00,EWT follows QQQ,0,0.7615394592028202
2025-11-28 16:16:00+00:00 → 2025-11-28 17:03:00+00:00,EWC follows QQQ,0,0.5721159251119922
2025-11-28 16:16:00+00:00 → 2025-11-28 17:03:00+00:00,EWU follows QQQ,0,0.4357635990738459
2025-11-28 16:16:00+00:00 → 2025-11-28 17:03:00+00:00,XLK follows QQQ,0,0.9458767383307827
2025-11-28 16:17:00+00:00 → 2025-11-28 17:04:00+00:00,EWJ follows QQQ,0,0.7699258889193558
2025-11-28 16:17:00+00:00 → 2025-11-28 17:04:00+00:00,EWT follows QQQ,0,0.7765135849020723
2025-11-28 16:17:00+00:00 → 2025-11-28 17:04:00+00:00,EWC follows QQQ,0,0.5769641433304193
2025-11-28 16:17:00+00:00 → 2025-11-28 17:04:00+00:00,EWU follows QQQ,0,0.4448438960381648
2025-11-28 16:17:00+00:00 → 2025-11-28 17:04:00+00:00,XLK follows QQQ,0,0.9513513795137577
2025-11-28 16:18:00+00:00 → 2025-11-28 17:07:00+00:00,EWJ follows QQQ,0,0.7748487045886315
2025-11-28 16:18:00+00:00 → 2025-11-28 17:07:00+00:00,EWT follows QQQ,0,0.7784765793376847
2025-11-28 16:18:00+00:00 → 2025-11-28 17:07:00+00:00,EWC follows QQQ,0,0.6050011821862276
2025-11-28 16:18:00+00:00 → 2025-11-28 17:07:00+00:00,EWU follows QQQ,0,0.4432440178483646
2025-11-28 16:18:00+00:00 → 2025-11-28 17:07:00+00:00,XLK follows QQQ,0,0.9558424445119669
2025-11-28 16:21:00+00:00 → 2025-11-28 17:08:00+00:00,EWJ follows QQQ,0,0.7626857342501788
2025-11-28 16:21:00+00:00 → 2025-11-28 17:08:00+00:00,EWT follows QQQ,0,0.7749118189946005
2025-11-28 16:21:00+00:00 → 2025-11-28 17:08:00+00:00,EWC follows QQQ,0,0.6074064773040391
2025-11-28 16:21:00+00:00 → 2025-11-28 17:08:00+00:00,EWU follows QQQ,0,0.4234705714790248
2025-11-28 16:21:00+00:00 → 2025-11-28 17:08:00+00:00,XLK follows QQQ,0,0.9573407755057234
2025-11-28 16:22:00+00:00 → 2025-11-28 17:09:00+00:00,EWJ follows QQQ,0,0.7514842550055616
2025-11-28 16:22:00+00:00 → 2025-11-28 17:09:00+00:00,EWT follows QQQ,0,0.7668779821945804
2025-11-28 16:22:00+00:00 → 2025-11-28 17:09:00+00:00,EWC follows QQQ,0,0.603267713677903
2025-11-28 16:22:00+00:00 → 2025-11-28 17:09:00+00:00,EWU follows QQQ,0,0.40845766252277715
2025-11-28 16:22:00+00:00 → 2025-11-28 17:09:00+00:00,XLK follows QQQ,0,0.9591441019573244
2025-11-28 16:23:00+00:00 → 2025-11-28 17:10:00+00:00,EWJ follows QQQ,0,0.7500044325093269
2025-11-28 16:23:00+00:00 → 2025-11-28 17:10:00+00:00,EWT follows QQQ,0,0.7514623638000648
2025-11-28 16:23:00+00:00 → 2025-11-28 17:10:00+00:00,EWC follows QQQ,0,0.6042661721672633
2025-11-28 16:23:00+00:00 → 2025-11-28 17:10:00+00:00,EWU follows QQQ,0,0.4000279100268473
2025-11-28 16:23:00+00:00 → 2025-11-28 17:10:00+00:00,XLK follows QQQ,0,0.9584507894776441
2025-11-28 16:24:00+00:00 → 2025-11-28 17:11:00+00:00,EWJ follows QQQ,0,0.748751872450064
2025-11-28 16:24:00+00:00 → 2025-11-28 17:11:00+00:00,EWT follows QQQ,0,0.7428629234518681
2025-11-28 16:24:00+00:00 → 2025-11-28 17:11:00+00:00,EWC follows QQQ,0,0.6016653868731261
2025-11-28 16:24:00+00:00 → 2025-11-28 17:11:00+00:00,EWU follows QQQ,0,0.3977475347450537
2025-11-28 16:24:00+00:00 → 2025-11-28 17:11:00+00:00,XLK follows QQQ,0,0.9581072094631287
2025-11-28 16:25:00+00:00 → 2025-11-28 17:12:00+00:00,EWJ follows QQQ,0,0.782695536000208
2025-11-28 16:25:00+00:00 → 2025-11-28 17:12:00+00:00,EWT follows QQQ,0,0.7448993449529269
2025-11-28 16:25:00+00:00 → 2025-11-28 17:12:00+00:00,EWC follows QQQ,0,0.5937597337275237
2025-11-28 16:25:00+00:00 → 2025-11-28 17:12:00+00:00,EWU follows QQQ,0,0.4274158357219218
2025-11-28 16:25:00+00:00 → 2025-11-28 17:12:00+00:00,XLK follows QQQ,0,0.9586197919115953
2025-11-28 16:26:00+00:00 → 2025-11-28 17:13:00+00:00,EWJ follows QQQ,0,0.7707042064555161
2025-11-28 16:26:00+00:00 → 2025-11-28 17:13:00+00:00,EWT follows QQQ,0,0.7016768876722244
2025-11-28 16:26:00+00:00 → 2025-11-28 17:13:00+00:00,EWC follows QQQ,0,0.5575751840273648
2025-11-28 16:26:00+00:00 → 2025-11-28 17:13:00+00:00,EWU follows QQQ,0,0.39083704546499215
2025-11-28 16:26:00+00:00 → 2025-11-28 17:13:00+00:00,XLK follows QQQ,0,0.9539630049220424
2025-11-28 16:27:00+00:00 → 2025-11-28 17:19:00+00:00,EWJ follows QQQ,0,0.8071961959177493
2025-11-28 16:27:00+00:00 → 2025-11-28 17:19:00+00:00,EWT follows QQQ,0,0.6455036099673004
2025-11-28 16:27:00+00:00 → 2025-11-28 17:19:00+00:00,EWC follows QQQ,0,0.42908746530400577
2025-11-28 16:27:00+00:00 → 2025-11-28 17:19:00+00:00,EWU follows QQQ,0,0.44290782256683536
2025-11-28 16:27:00+00:00 → 2025-11-28 17:19:00+00:00,XLK follows QQQ,0,0.9539983584586054
2025-11-28 16:28:00+00:00 → 2025-11-28 17:20:00+00:00,EWJ follows QQQ,0,0.7742558473789204
2025-11-28 16:28:00+00:00 → 2025-11-28 17:20:00+00:00,EWT follows QQQ,0,0.5988419937100206
2025-11-28 16:28:00+00:00 → 2025-11-28 17:20:00+00:00,EWC follows QQQ,0,0.3415903643558689
2025-11-28 16:28:00+00:00 → 2025-11-28 17:20:00+00:00,EWU follows QQQ,-4,0.38504811271241995
2025-11-28 16:28:00+00:00 → 2025-11-28 17:20:00+00:00,XLK follows QQQ,0,0.9531256045827154
2025-11-28 16:29:00+00:00 → 2025-11-28 17:21:00+00:00,EWJ follows QQQ,0,0.7622674111433501
2025-11-28 16:29:00+00:00 → 2025-11-28 17:21:00+00:00,EWT follows QQQ,0,0.5754633641642299
2025-11-28 16:29:00+00:00 → 2025-11-28 17:21:00+00:00,EWC follows QQQ,0,0.38263958223056843
2025-11-28 16:29:00+00:00 → 2025-11-28 17:21:00+00:00,EWU follows QQQ,0,0.3741162695086391
2025-11-28 16:29:00+00:00 → 2025-11-28 17:21:00+00:00,XLK follows QQQ,0,0.9524427812585853
2025-11-28 16:30:00+00:00 → 2025-11-28 17:25:00+00:00,EWJ follows QQQ,0,0.76759436997803
2025-11-28 16:30:00+00:00 → 2025-11-28 17:25:00+00:00,EWT follows QQQ,0,0.5642873187909133
2025-11-28 16:30:00+00:00 → 2025-11-28 17:25:00+00:00,EWC follows QQQ,0,0.31851978845200857
2025-11-28 16:30:00+00:00 → 2025-11-28 17:25:00+00:00,EWU follows QQQ,0,0.29979639153194454
2025-11-28 16:30:00+00:00 → 2025-11-28 17:25:00+00:00,XLK follows QQQ,0,0.9548465466145915
2025-11-28 16:31:00+00:00 → 2025-11-28 17:26:00+00:00,EWJ follows QQQ,0,0.7491602236707651
2025-11-28 16:31:00+00:00 → 2025-11-28 17:26:00+00:00,EWT follows QQQ,0,0.5173328704262031
2025-11-28 16:31:00+00:00 → 2025-11-28 17:26:00+00:00,EWC follows QQQ,1,0.26894684924032547
2025-11-28 16:31:00+00:00 → 2025-11-28 17:26:00+00:00,EWU follows QQQ,-4,0.2590140170464999
2025-11-28 16:31:00+00:00 → 2025-11-28 17:26:00+00:00,XLK follows QQQ,0,0.9515819156911908
2025-11-28 16:32:00+00:00 → 2025-11-28 17:31:00+00:00,EWJ follows QQQ,0,0.7257997600745532
2025-11-28 16:32:00+00:00 → 2025-11-28 17:31:00+00:00,EWT follows QQQ,0,0.5076146204880193
2025-11-28 16:32:00+00:00 → 2025-11-28 17:31:00+00:00,EWC follows QQQ,1,0.27446167926102705
2025-11-28 16:32:00+00:00 → 2025-11-28 17:31:00+00:00,EWU follows QQQ,3,0.33036075820769856
2025-11-28 16:32:00+00:00 → 2025-11-28 17:31:00+00:00,XLK follows QQQ,0,0.9598958912851767
2025-11-28 16:33:00+00:00 → 2025-11-28 17:32:00+00:00,EWJ follows QQQ,0,0.7148798995166785
2025-11-28 16:33:00+00:00 → 2025-11-28 17:32:00+00:00,EWT follows QQQ,0,0.5161578980427118
2025-11-28 16:33:00+00:00 → 2025-11-28 17:32:00+00:00,EWC follows QQQ,1,0.2776043531249628
2025-11-28 16:33:00+00:00 → 2025-11-28 17:32:00+00:00,EWU follows QQQ,3,0.3196709277094762
2025-11-28 16:33:00+00:00 → 2025-11-28 17:32:00+00:00,XLK follows QQQ,0,0.9610838914282296
2025-11-28 16:34:00+00:00 → 2025-11-28 17:33:00+00:00,EWJ follows QQQ,0,0.6937484217454177
2025-11-28 16:34:00+00:00 → 2025-11-28 17:33:00+00:00,EWT follows QQQ,0,0.5300585449965209
2025-11-28 16:34:00+00:00 → 2025-11-28 17:33:00+00:00,EWC follows QQQ,1,0.2958256055157481
2025-11-28 16:34:00+00:00 → 2025-11-28 17:33:00+00:00,EWU follows QQQ,3,0.2650193361037707
2025-11-28 16:34:00+00:00 → 2025-11-28 17:33:00+00:00,XLK follows QQQ,0,0.9601705169959208
2025-11-28 16:35:00+00:00 → 2025-11-28 17:34:00+00:00,EWJ follows QQQ,0,0.6891158216248734
2025-11-28 16:35:00+00:00 → 2025-11-28 17:34:00+00:00,EWT follows QQQ,0,0.5404714612574443
2025-11-28 16:35:00+00:00 → 2025-11-28 17:34:00+00:00,EWC follows QQQ,1,0.29660316631026906
2025-11-28 16:35:00+00:00 → 2025-11-28 17:34:00+00:00,EWU follows QQQ,3,0.2743803774021704
2025-11-28 16:35:00+00:00 → 2025-11-28 17:34:00+00:00,XLK follows QQQ,0,0.9596799205779812
2025-11-28 16:36:00+00:00 → 2025-11-28 17:35:00+00:00,EWJ follows QQQ,0,0.6936246415220986
2025-11-28 16:36:00+00:00 → 2025-11-28 17:35:00+00:00,EWT follows QQQ,0,0.5474692547705251
2025-11-28 16:36:00+00:00 → 2025-11-28 17:35:00+00:00,EWC follows QQQ,0,0.30993830489615437
2025-11-28 16:36:00+00:00 → 2025-11-28 17:35:00+00:00,EWU follows QQQ,3,0.23181598672041695
2025-11-28 16:36:00+00:00 → 2025-11-28 17:35:00+00:00,XLK follows QQQ,0,0.9637891213533305
2025-11-28 16:39:00+00:00 → 2025-11-28 17:36:00+00:00,EWJ follows QQQ,0,0.6829905791701374
2025-11-28 16:39:00+00:00 → 2025-11-28 17:36:00+00:00,EWT follows QQQ,0,0.5653416439372368
2025-11-28 16:39:00+00:00 → 2025-11-28 17:36:00+00:00,EWC follows QQQ,0,0.30320450507693436
2025-11-28 16:39:00+00:00 → 2025-11-28 17:36:00+00:00,EWU follows QQQ,3,0.30822203342551113
2025-11-28 16:39:00+00:00 → 2025-11-28 17:36:00+00:00,XLK follows QQQ,0,0.9650874923263616
2025-11-28 16:42:00+00:00 → 2025-11-28 17:37:00+00:00,EWJ follows QQQ,0,0.71113167522259
2025-11-28 16:42:00+00:00 → 2025-11-28 17:37:00+00:00,EWT follows QQQ,0,0.5534775907014982
2025-11-28 16:42:00+00:00 → 2025-11-28 17:37:00+00:00,EWC follows QQQ,0,0.3316477593215789
2025-11-28 16:42:00+00:00 → 2025-11-28 17:37:00+00:00,EWU follows QQQ,3,0.30625397515445757
2025-11-28 16:42:00+00:00 → 2025-11-28 17:37:00+00:00,XLK follows QQQ,0,0.9660966428402341
2025-11-28 16:43:00+00:00 → 2025-11-28 17:38:00+00:00,EWJ follows QQQ,0,0.6898121809637516
2025-11-28 16:43:00+00:00 → 2025-11-28 17:38:00+00:00,EWT follows QQQ,0,0.5307224612476957
2025-11-28 16:43:00+00:00 → 2025-11-28 17:38:00+00:00,EWC follows QQQ,0,0.2869844070441931
2025-11-28 16:43:00+00:00 → 2025-11-28 17:38:00+00:00,EWU follows QQQ,3,0.2592833871879895
2025-11-28 16:43:00+00:00 → 2025-11-28 17:38:00+00:00,XLK follows QQQ,0,0.9638216094355592
2025-11-28 16:44:00+00:00 → 2025-11-28 17:45:00+00:00,EWJ follows QQQ,0,0.6056514570036301
2025-11-28 16:44:00+00:00 → 2025-11-28 17:45:00+00:00,EWT follows QQQ,0,0.5156460817950759
2025-11-28 16:44:00+00:00 → 2025-11-28 17:45:00+00:00,EWC follows QQQ,1,0.2827328895267961
2025-11-28 16:44:00+00:00 → 2025-11-28 17:45:00+00:00,EWU follows QQQ,1,0.2904530279630105
2025-11-28 16:44:00+00:00 → 2025-11-28 17:45:00+00:00,XLK follows QQQ,0,0.9503367251689581
2025-11-28 16:48:00+00:00 → 2025-12-01 14:31:00+00:00,EWJ follows QQQ,0,0.7886464089290369
2025-11-28 16:48:00+00:00 → 2025-12-01 14:31:00+00:00,EWT follows QQQ,0,0.7706355355330471
2025-11-28 16:48:00+00:00 → 2025-12-01 14:31:00+00:00,EWC follows QQQ,0,0.6585479338490707
2025-11-28 16:48:00+00:00 → 2025-12-01 14:31:00+00:00,EWU follows QQQ,0,0.3527263542208144
2025-11-28 16:48:00+00:00 → 2025-12-01 14:31:00+00:00,XLK follows QQQ,0,0.9560811879385688
2025-11-28 16:58:00+00:00 → 2025-12-01 14:32:00+00:00,EWJ follows QQQ,0,0.7845388199550596
2025-11-28 16:58:00+00:00 → 2025-12-01 14:32:00+00:00,EWT follows QQQ,0,0.7845431041314982
2025-11-28 16:58:00+00:00 → 2025-12-01 14:32:00+00:00,EWC follows QQQ,0,0.5524769337851894
2025-11-28 16:58:00+00:00 → 2025-12-01 14:32:00+00:00,EWU follows QQQ,0,0.41316669020931646
2025-11-28 16:58:00+00:00 → 2025-12-01 14:32:00+00:00,XLK follows QQQ,0,0.9600247816818116
2025-11-28 16:59:00+00:00 → 2025-12-01 14:33:00+00:00,EWJ follows QQQ,0,0.7870543571275556
2025-11-28 16:59:00+00:00 → 2025-12-01 14:33:00+00:00,EWT follows QQQ,0,0.8240070288629275
2025-11-28 16:59:00+00:00 → 2025-12-01 14:33:00+00:00,EWC follows QQQ,0,0.3938629155835354
2025-11-28 16:59:00+00:00 → 2025-12-01 14:33:00+00:00,EWU follows QQQ,2,0.36592805166273207
2025-11-28 16:59:00+00:00 → 2025-12-01 14:33:00+00:00,XLK follows QQQ,0,0.9601971797815871
2025-11-28 17:00:00+00:00 → 2025-12-01 14:34:00+00:00,EWJ follows QQQ,0,0.8036402486948873
2025-11-28 17:00:00+00:00 → 2025-12-01 14:34:00+00:00,EWT follows QQQ,0,0.8268159768864677
2025-11-28 17:00:00+00:00 → 2025-12-01 14:34:00+00:00,EWC follows QQQ,3,0.31469139265108337
2025-11-28 17:00:00+00:00 → 2025-12-01 14:34:00+00:00,EWU follows QQQ,2,0.3446283882764862
2025-11-28 17:00:00+00:00 → 2025-12-01 14:34:00+00:00,XLK follows QQQ,0,0.9365375860305836
2025-11-28 17:01:00+00:00 → 2025-12-01 14:35:00+00:00,EWJ follows QQQ,0,0.8073733964750106
2025-11-28 17:01:00+00:00 → 2025-12-01 14:35:00+00:00,EWT follows QQQ,0,0.8196866086199844
2025-11-28 17:01:00+00:00 → 2025-12-01 14:35:00+00:00,EWC follows QQQ,3,0.4275207897160443
2025-11-28 17:01:00+00:00 → 2025-12-01 14:35:00+00:00,EWU follows QQQ,2,0.3817538106781937
2025-11-28 17:01:00+00:00 → 2025-12-01 14:35:00+00:00,XLK follows QQQ,0,0.9252271282372653
2025-11-28 17:02:00+00:00 → 2025-12-01 14:36:00+00:00,EWJ follows QQQ,0,0.8070027361226887
2025-11-28 17:02:00+00:00 → 2025-12-01 14:36:00+00:00,EWT follows QQQ,0,0.8023771050719214
2025-11-28 17:02:00+00:00 → 2025-12-01 14:36:00+00:00,EWC follows QQQ,5,0.25123110633146584
2025-11-28 17:02:00+00:00 → 2025-12-01 14:36:00+00:00,EWU follows QQQ,5,0.31312434133987466
2025-11-28 17:02:00+00:00 → 2025-12-01 14:36:00+00:00,XLK follows QQQ,0,0.9228566550480264
2025-11-28 17:03:00+00:00 → 2025-12-01 14:37:00+00:00,EWJ follows QQQ,0,0.7382563750222979
2025-11-28 17:03:00+00:00 → 2025-12-01 14:37:00+00:00,EWT follows QQQ,0,0.762825420052303
2025-11-28 17:03:00+00:00 → 2025-12-01 14:37:00+00:00,EWC follows QQQ,5,0.21536548911589595
2025-11-28 17:03:00+00:00 → 2025-12-01 14:37:00+00:00,EWU follows QQQ,2,0.2487167819756392
2025-11-28 17:03:00+00:00 → 2025-12-01 14:37:00+00:00,XLK follows QQQ,0,0.9070629872697455
2025-11-28 17:04:00+00:00 → 2025-12-01 14:38:00+00:00,EWJ follows QQQ,0,0.7206247751649325
2025-11-28 17:04:00+00:00 → 2025-12-01 14:38:00+00:00,EWT follows QQQ,0,0.7681409078193508
2025-11-28 17:04:00+00:00 → 2025-12-01 14:38:00+00:00,EWC follows QQQ,5,0.25170311006182866
2025-11-28 17:04:00+00:00 → 2025-12-01 14:38:00+00:00,EWU follows QQQ,2,0.24904587964769248
2025-11-28 17:04:00+00:00 → 2025-12-01 14:38:00+00:00,XLK follows QQQ,0,0.9083819791203016
2025-11-28 17:07:00+00:00 → 2025-12-01 14:39:00+00:00,EWJ follows QQQ,0,0.8172032396220705
2025-11-28 17:07:00+00:00 → 2025-12-01 14:39:00+00:00,EWT follows QQQ,0,0.8523201525896011
2025-11-28 17:07:00+00:00 → 2025-12-01 14:39:00+00:00,EWC follows QQQ,5,0.22018708026549705
2025-11-28 17:07:00+00:00 → 2025-12-01 14:39:00+00:00,EWU follows QQQ,-2,0.2579123144856271
2025-11-28 17:07:00+00:00 → 2025-12-01 14:39:00+00:00,XLK follows QQQ,0,0.9120258523010535
2025-11-28 17:08:00+00:00 → 2025-12-01 14:40:00+00:00,EWJ follows QQQ,0,0.7930314426771765
2025-11-28 17:08:00+00:00 → 2025-12-01 14:40:00+00:00,EWT follows QQQ,0,0.831511578084103
2025-11-28 17:08:00+00:00 → 2025-12-01 14:40:00+00:00,EWC follows QQQ,5,0.22384670743494134
2025-11-28 17:08:00+00:00 → 2025-12-01 14:40:00+00:00,EWU follows QQQ,-2,0.2573069932975363
2025-11-28 17:08:00+00:00 → 2025-12-01 14:40:00+00:00,XLK follows QQQ,0,0.9093840823820042
2025-11-28 17:09:00+00:00 → 2025-12-01 14:43:00+00:00,EWJ follows QQQ,0,0.7720906853819494
2025-11-28 17:09:00+00:00 → 2025-12-01 14:43:00+00:00,EWT follows QQQ,0,0.8364538390279279
2025-11-28 17:09:00+00:00 → 2025-12-01 14:43:00+00:00,EWC follows QQQ,-5,0.3024450931411632
2025-11-28 17:09:00+00:00 → 2025-12-01 14:43:00+00:00,EWU follows QQQ,2,0.3130939595602375
2025-11-28 17:09:00+00:00 → 2025-12-01 14:43:00+00:00,XLK follows QQQ,0,0.9180249980858776
2025-11-28 17:10:00+00:00 → 2025-12-01 14:44:00+00:00,EWJ follows QQQ,0,0.802179768780147
2025-11-28 17:10:00+00:00 → 2025-12-01 14:44:00+00:00,EWT follows QQQ,0,0.8568968175529882
2025-11-28 17:10:00+00:00 → 2025-12-01 14:44:00+00:00,EWC follows QQQ,5,0.26905057770265584
2025-11-28 17:10:00+00:00 → 2025-12-01 14:44:00+00:00,EWU follows QQQ,2,0.3044872929237413
2025-11-28 17:10:00+00:00 → 2025-12-01 14:44:00+00:00,XLK follows QQQ,0,0.9193670505320064
2025-11-28 17:11:00+00:00 → 2025-12-01 14:45:00+00:00,EWJ follows QQQ,0,0.8281663033765598
2025-11-28 17:11:00+00:00 → 2025-12-01 14:45:00+00:00,EWT follows QQQ,0,0.8618490981133857
2025-11-28 17:11:00+00:00 → 2025-12-01 14:45:00+00:00,EWC follows QQQ,0,0.387396294201256
2025-11-28 17:11:00+00:00 → 2025-12-01 14:45:00+00:00,EWU follows QQQ,2,0.42390703152137515
2025-11-28 17:11:00+00:00 → 2025-12-01 14:45:00+00:00,XLK follows QQQ,0,0.9312026890266012
2025-11-28 17:12:00+00:00 → 2025-12-01 14:46:00+00:00,EWJ follows QQQ,0,0.8149299345408499
2025-11-28 17:12:00+00:00 → 2025-12-01 14:46:00+00:00,EWT follows QQQ,0,0.8676160877998168
2025-11-28 17:12:00+00:00 → 2025-12-01 14:46:00+00:00,EWC follows QQQ,0,0.4028087457996929
2025-11-28 17:12:00+00:00 → 2025-12-01 14:46:00+00:00,EWU follows QQQ,5,0.38946586928992927
2025-11-28 17:12:00+00:00 → 2025-12-01 14:46:00+00:00,XLK follows QQQ,0,0.9189044364978863
2025-11-28 17:13:00+00:00 → 2025-12-01 14:47:00+00:00,EWJ follows QQQ,0,0.8173814895419176
2025-11-28 17:13:00+00:00 → 2025-12-01 14:47:00+00:00,EWT follows QQQ,0,0.8269247628176717
2025-11-28 17:13:00+00:00 → 2025-12-01 14:47:00+00:00,EWC follows QQQ,0,0.46533543086993817
2025-11-28 17:13:00+00:00 → 2025-12-01 14:47:00+00:00,EWU follows QQQ,2,0.38489287444594095
2025-11-28 17:13:00+00:00 → 2025-12-01 14:47:00+00:00,XLK follows QQQ,0,0.9234641698756719
2025-11-28 17:19:00+00:00 → 2025-12-01 14:48:00+00:00,EWJ follows QQQ,0,0.8050467140194308
2025-11-28 17:19:00+00:00 → 2025-12-01 14:48:00+00:00,EWT follows QQQ,0,0.8055912458906903
2025-11-28 17:19:00+00:00 → 2025-12-01 14:48:00+00:00,EWC follows QQQ,0,0.4143486789422094
2025-11-28 17:19:00+00:00 → 2025-12-01 14:48:00+00:00,EWU follows QQQ,2,0.4057005274789594
2025-11-28 17:19:00+00:00 → 2025-12-01 14:48:00+00:00,XLK follows QQQ,0,0.9251301442443045
2025-11-28 17:20:00+00:00 → 2025-12-01 14:49:00+00:00,EWJ follows QQQ,0,0.8037897906840289
2025-11-28 17:20:00+00:00 → 2025-12-01 14:49:00+00:00,EWT follows QQQ,0,0.8035155257669506
2025-11-28 17:20:00+00:00 → 2025-12-01 14:49:00+00:00,EWC follows QQQ,0,0.42125840206253307
2025-11-28 17:20:00+00:00 → 2025-12-01 14:49:00+00:00,EWU follows QQQ,2,0.3607328981367603
2025-11-28 17:20:00+00:00 → 2025-12-01 14:49:00+00:00,XLK follows QQQ,0,0.9221141479418234
2025-11-28 17:21:00+00:00 → 2025-12-01 14:50:00+00:00,EWJ follows QQQ,0,0.7830433149487752
2025-11-28 17:21:00+00:00 → 2025-12-01 14:50:00+00:00,EWT follows QQQ,0,0.8009574110662202
2025-11-28 17:21:00+00:00 → 2025-12-01 14:50:00+00:00,EWC follows QQQ,0,0.4261300417976349
2025-11-28 17:21:00+00:00 → 2025-12-01 14:50:00+00:00,EWU follows QQQ,-3,0.3387250129945421
2025-11-28 17:21:00+00:00 → 2025-12-01 14:50:00+00:00,XLK follows QQQ,0,0.9272567852086689
2025-11-28 17:25:00+00:00 → 2025-12-01 14:51:00+00:00,EWJ follows QQQ,0,0.7839261826497539
2025-11-28 17:25:00+00:00 → 2025-12-01 14:51:00+00:00,EWT follows QQQ,0,0.791258289380097
2025-11-28 17:25:00+00:00 → 2025-12-01 14:51:00+00:00,EWC follows QQQ,0,0.3938695240381289
2025-11-28 17:25:00+00:00 → 2025-12-01 14:51:00+00:00,EWU follows QQQ,-3,0.32156461513910023
2025-11-28 17:25:00+00:00 → 2025-12-01 14:51:00+00:00,XLK follows QQQ,0,0.9272370448425202
2025-11-28 17:26:00+00:00 → 2025-12-01 14:52:00+00:00,EWJ follows QQQ,0,0.7759961405790674
2025-11-28 17:26:00+00:00 → 2025-12-01 14:52:00+00:00,EWT follows QQQ,0,0.7819291096441761
2025-11-28 17:26:00+00:00 → 2025-12-01 14:52:00+00:00,EWC follows QQQ,0,0.37554090700417087
2025-11-28 17:26:00+00:00 → 2025-12-01 14:52:00+00:00,EWU follows QQQ,-3,0.31587833431149337
2025-11-28 17:26:00+00:00 → 2025-12-01 14:52:00+00:00,XLK follows QQQ,0,0.9256238000015187
2025-11-28 17:31:00+00:00 → 2025-12-01 14:58:00+00:00,EWJ follows QQQ,0,0.7885232044686736
2025-11-28 17:31:00+00:00 → 2025-12-01 14:58:00+00:00,EWT follows QQQ,0,0.7927649498298189
2025-11-28 17:31:00+00:00 → 2025-12-01 14:58:00+00:00,EWC follows QQQ,0,0.39406191902736115
2025-11-28 17:31:00+00:00 → 2025-12-01 14:58:00+00:00,EWU follows QQQ,5,0.32916355230112476
2025-11-28 17:31:00+00:00 → 2025-12-01 14:58:00+00:00,XLK follows QQQ,0,0.9264134723683625
2025-11-28 17:32:00+00:00 → 2025-12-01 14:59:00+00:00,EWJ follows QQQ,0,0.7922390714827118
2025-11-28 17:32:00+00:00 → 2025-12-01 14:59:00+00:00,EWT follows QQQ,0,0.79289495331611
2025-11-28 17:32:00+00:00 → 2025-12-01 14:59:00+00:00,EWC follows QQQ,0,0.3974978856167219
2025-11-28 17:32:00+00:00 → 2025-12-01 14:59:00+00:00,EWU follows QQQ,5,0.3201347560978608
2025-11-28 17:32:00+00:00 → 2025-12-01 14:59:00+00:00,XLK follows QQQ,0,0.9283408605930342
2025-11-28 17:33:00+00:00 → 2025-12-01 15:00:00+00:00,EWJ follows QQQ,0,0.7707709368026705
2025-11-28 17:33:00+00:00 → 2025-12-01 15:00:00+00:00,EWT follows QQQ,0,0.778888310979273
2025-11-28 17:33:00+00:00 → 2025-12-01 15:00:00+00:00,EWC follows QQQ,0,0.3998963109508077
2025-11-28 17:33:00+00:00 → 2025-12-01 15:00:00+00:00,EWU follows QQQ,5,0.3397567122327442
2025-11-28 17:33:00+00:00 → 2025-12-01 15:00:00+00:00,XLK follows QQQ,0,0.9263561016511
2025-11-28 17:34:00+00:00 → 2025-12-01 15:01:00+00:00,EWJ follows QQQ,0,0.7734419660991698
2025-11-28 17:34:00+00:00 → 2025-12-01 15:01:00+00:00,EWT follows QQQ,0,0.7631390934840198
2025-11-28 17:34:00+00:00 → 2025-12-01 15:01:00+00:00,EWC follows QQQ,0,0.4018720681624766
2025-11-28 17:34:00+00:00 → 2025-12-01 15:01:00+00:00,EWU follows QQQ,5,0.3366006520093491
2025-11-28 17:34:00+00:00 → 2025-12-01 15:01:00+00:00,XLK follows QQQ,0,0.9269043125537143
2025-11-28 17:35:00+00:00 → 2025-12-01 15:02:00+00:00,EWJ follows QQQ,0,0.7684092183468731
2025-11-28 17:35:00+00:00 → 2025-12-01 15:02:00+00:00,EWT follows QQQ,0,0.7654223431824458
2025-11-28 17:35:00+00:00 → 2025-12-01 15:02:00+00:00,EWC follows QQQ,0,0.39710018437878136
2025-11-28 17:35:00+00:00 → 2025-12-01 15:02:00+00:00,EWU follows QQQ,5,0.3315548274213934
2025-11-28 17:35:00+00:00 → 2025-12-01 15:02:00+00:00,XLK follows QQQ,0,0.9272246448739115
2025-11-28 17:36:00+00:00 → 2025-12-01 15:03:00+00:00,EWJ follows QQQ,0,0.770911893697391
2025-11-28 17:36:00+00:00 → 2025-12-01 15:03:00+00:00,EWT follows QQQ,0,0.7733289258421709
2025-11-28 17:36:00+00:00 → 2025-12-01 15:03:00+00:00,EWC follows QQQ,0,0.40969161492787204
2025-11-28 17:36:00+00:00 → 2025-12-01 15:03:00+00:00,EWU follows QQQ,5,0.30861829405016833
2025-11-28 17:36:00+00:00 → 2025-12-01 15:03:00+00:00,XLK follows QQQ,0,0.9269703258053957
2025-11-28 17:37:00+00:00 → 2025-12-01 15:06:00+00:00,EWJ follows QQQ,0,0.7717748702466326
2025-11-28 17:37:00+00:00 → 2025-12-01 15:06:00+00:00,EWT follows QQQ,0,0.7723697256461437
2025-11-28 17:37:00+00:00 → 2025-12-01 15:06:00+00:00,EWC follows QQQ,0,0.4099986402808264
2025-11-28 17:37:00+00:00 → 2025-12-01 15:06:00+00:00,EWU follows QQQ,5,0.37376277529628843
2025-11-28 17:37:00+00:00 → 2025-12-01 15:06:00+00:00,XLK follows QQQ,0,0.9262956294989919
2025-11-28 17:38:00+00:00 → 2025-12-01 15:07:00+00:00,EWJ follows QQQ,0,0.7714888387323316
2025-11-28 17:38:00+00:00 → 2025-12-01 15:07:00+00:00,EWT follows QQQ,0,0.7713879336061098
2025-11-28 17:38:00+00:00 → 2025-12-01 15:07:00+00:00,EWC follows QQQ,0,0.41567733446816596
2025-11-28 17:38:00+00:00 → 2025-12-01 15:07:00+00:00,EWU follows QQQ,5,0.3736209008830045
2025-11-28 17:38:00+00:00 → 2025-12-01 15:07:00+00:00,XLK follows QQQ,0,0.9260143309690669
2025-11-28 17:45:00+00:00 → 2025-12-01 15:08:00+00:00,EWJ follows QQQ,0,0.7518703361642927
2025-11-28 17:45:00+00:00 → 2025-12-01 15:08:00+00:00,EWT follows QQQ,0,0.7711434864041731
2025-11-28 17:45:00+00:00 → 2025-12-01 15:08:00+00:00,EWC follows QQQ,0,0.41445900504316613
2025-11-28 17:45:00+00:00 → 2025-12-01 15:08:00+00:00,EWU follows QQQ,5,0.38424819792114295
2025-11-28 17:45:00+00:00 → 2025-12-01 15:08:00+00:00,XLK follows QQQ,0,0.9261125509525668
2025-12-01 14:31:00+00:00 → 2025-12-01 15:11:00+00:00,EWJ follows QQQ,0,0.7398766008074998
2025-12-01 14:31:00+00:00 → 2025-12-01 15:11:00+00:00,EWT follows QQQ,0,0.7717314807900268
2025-12-01 14:31:00+00:00 → 2025-12-01 15:11:00+00:00,EWC follows QQQ,0,0.4130172764675988
2025-12-01 14:31:00+00:00 → 2025-12-01 15:11:00+00:00,EWU follows QQQ,5,0.38640515009095144
2025-12-01 14:31:00+00:00 → 2025-12-01 15:11:00+00:00,XLK follows QQQ,0,0.9271129068318665
2025-12-01 14:32:00+00:00 → 2025-12-01 15:14:00+00:00,EWJ follows QQQ,0,0.7279040973604459
2025-12-01 14:32:00+00:00 → 2025-12-01 15:14:00+00:00,EWT follows QQQ,0,0.7671442081136256
2025-12-01 14:32:00+00:00 → 2025-12-01 15:14:00+00:00,EWC follows QQQ,1,0.3221920663074507
2025-12-01 14:32:00+00:00 → 2025-12-01 15:14:00+00:00,EWU follows QQQ,5,0.30330002209086776
2025-12-01 14:32:00+00:00 → 2025-12-01 15:14:00+00:00,XLK follows QQQ,0,0.9355839081370378
2025-12-01 14:33:00+00:00 → 2025-12-01 15:15:00+00:00,EWJ follows QQQ,0,0.7254050974867405
2025-12-01 14:33:00+00:00 → 2025-12-01 15:15:00+00:00,EWT follows QQQ,0,0.7689117534676201
2025-12-01 14:33:00+00:00 → 2025-12-01 15:15:00+00:00,EWC follows QQQ,1,0.40012448301130166
2025-12-01 14:33:00+00:00 → 2025-12-01 15:15:00+00:00,EWU follows QQQ,5,0.3418524980198228
2025-12-01 14:33:00+00:00 → 2025-12-01 15:15:00+00:00,XLK follows QQQ,0,0.9353816140571124
2025-12-01 14:34:00+00:00 → 2025-12-01 15:16:00+00:00,EWJ follows QQQ,0,0.7362665592221707
2025-12-01 14:34:00+00:00 → 2025-12-01 15:16:00+00:00,EWT follows QQQ,0,0.7655749391147282
2025-12-01 14:34:00+00:00 → 2025-12-01 15:16:00+00:00,EWC follows QQQ,1,0.4777964652432879
2025-12-01 14:34:00+00:00 → 2025-12-01 15:16:00+00:00,EWU follows QQQ,5,0.3511644668643295
2025-12-01 14:34:00+00:00 → 2025-12-01 15:16:00+00:00,XLK follows QQQ,0,0.9317092870778606
2025-12-01 14:35:00+00:00 → 2025-12-01 15:17:00+00:00,EWJ follows QQQ,0,0.7260586098780152
2025-12-01 14:35:00+00:00 → 2025-12-01 15:17:00+00:00,EWT follows QQQ,0,0.7564192659601692
2025-12-01 14:35:00+00:00 → 2025-12-01 15:17:00+00:00,EWC follows QQQ,0,0.4503170741398743
2025-12-01 14:35:00+00:00 → 2025-12-01 15:17:00+00:00,EWU follows QQQ,5,0.33827523411014837
2025-12-01 14:35:00+00:00 → 2025-12-01 15:17:00+00:00,XLK follows QQQ,0,0.9392927193408751
2025-12-01 14:36:00+00:00 → 2025-12-01 15:21:00+00:00,EWJ follows QQQ,0,0.7172386502204386
2025-12-01 14:36:00+00:00 → 2025-12-01 15:21:00+00:00,EWT follows QQQ,0,0.7554422231329141
2025-12-01 14:36:00+00:00 → 2025-12-01 15:21:00+00:00,EWC follows QQQ,0,0.48144645756775656
2025-12-01 14:36:00+00:00 → 2025-12-01 15:21:00+00:00,EWU follows QQQ,4,0.35835026467931574
2025-12-01 14:36:00+00:00 → 2025-12-01 15:21:00+00:00,XLK follows QQQ,0,0.9403964409695886
2025-12-01 14:37:00+00:00 → 2025-12-01 15:22:00+00:00,EWJ follows QQQ,0,0.7147598958134791
2025-12-01 14:37:00+00:00 → 2025-12-01 15:22:00+00:00,EWT follows QQQ,0,0.7587042269689638
2025-12-01 14:37:00+00:00 → 2025-12-01 15:22:00+00:00,EWC follows QQQ,0,0.4996866624201707
2025-12-01 14:37:00+00:00 → 2025-12-01 15:22:00+00:00,EWU follows QQQ,3,0.3717411298269755
2025-12-01 14:37:00+00:00 → 2025-12-01 15:22:00+00:00,XLK follows QQQ,0,0.9405535658270362
2025-12-01 14:38:00+00:00 → 2025-12-01 15:23:00+00:00,EWJ follows QQQ,0,0.7418951856829046
2025-12-01 14:38:00+00:00 → 2025-12-01 15:23:00+00:00,EWT follows QQQ,0,0.7687442211955132
2025-12-01 14:38:00+00:00 → 2025-12-01 15:23:00+00:00,EWC follows QQQ,0,0.5493964520992838
2025-12-01 14:38:00+00:00 → 2025-12-01 15:23:00+00:00,EWU follows QQQ,3,0.36159001767874516
2025-12-01 14:38:00+00:00 → 2025-12-01 15:23:00+00:00,XLK follows QQQ,0,0.9485456889356554
2025-12-01 14:39:00+00:00 → 2025-12-01 15:24:00+00:00,EWJ follows QQQ,0,0.7428900199592223
2025-12-01 14:39:00+00:00 → 2025-12-01 15:24:00+00:00,EWT follows QQQ,0,0.7667137313379012
2025-12-01 14:39:00+00:00 → 2025-12-01 15:24:00+00:00,EWC follows QQQ,0,0.5555300055578248
2025-12-01 14:39:00+00:00 → 2025-12-01 15:24:00+00:00,EWU follows QQQ,3,0.35223678513822815
2025-12-01 14:39:00+00:00 → 2025-12-01 15:24:00+00:00,XLK follows QQQ,0,0.9481029712794492
2025-12-01 14:40:00+00:00 → 2025-12-01 15:25:00+00:00,EWJ follows QQQ,0,0.7019465783540907
2025-12-01 14:40:00+00:00 → 2025-12-01 15:25:00+00:00,EWT follows QQQ,0,0.6967500240143213
2025-12-01 14:40:00+00:00 → 2025-12-01 15:25:00+00:00,EWC follows QQQ,0,0.5739601490047458
2025-12-01 14:40:00+00:00 → 2025-12-01 15:25:00+00:00,EWU follows QQQ,3,0.45792388793072225
2025-12-01 14:40:00+00:00 → 2025-12-01 15:25:00+00:00,XLK follows QQQ,0,0.9528376420493893
2025-12-01 14:43:00+00:00 → 2025-12-01 15:26:00+00:00,EWJ follows QQQ,0,0.6946350005718854
2025-12-01 14:43:00+00:00 → 2025-12-01 15:26:00+00:00,EWT follows QQQ,0,0.702202739464683
2025-12-01 14:43:00+00:00 → 2025-12-01 15:26:00+00:00,EWC follows QQQ,0,0.5682368530837408
2025-12-01 14:43:00+00:00 → 2025-12-01 15:26:00+00:00,EWU follows QQQ,3,0.477636861529219
2025-12-01 14:43:00+00:00 → 2025-12-01 15:26:00+00:00,XLK follows QQQ,0,0.9535800382287012
2025-12-01 14:44:00+00:00 → 2025-12-01 15:27:00+00:00,EWJ follows QQQ,0,0.7154585005655916
2025-12-01 14:44:00+00:00 → 2025-12-01 15:27:00+00:00,EWT follows QQQ,0,0.6704722561646398
2025-12-01 14:44:00+00:00 → 2025-12-01 15:27:00+00:00,EWC follows QQQ,0,0.527170129365644
2025-12-01 14:44:00+00:00 → 2025-12-01 15:27:00+00:00,EWU follows QQQ,3,0.4330814877602481
2025-12-01 14:44:00+00:00 → 2025-12-01 15:27:00+00:00,XLK follows QQQ,0,0.9541224211053135
2025-12-01 14:45:00+00:00 → 2025-12-01 15:28:00+00:00,EWJ follows QQQ,0,0.6961132357484279
2025-12-01 14:45:00+00:00 → 2025-12-01 15:28:00+00:00,EWT follows QQQ,0,0.6259745666667967
2025-12-01 14:45:00+00:00 → 2025-12-01 15:28:00+00:00,EWC follows QQQ,0,0.5420608877725008
2025-12-01 14:45:00+00:00 → 2025-12-01 15:28:00+00:00,EWU follows QQQ,3,0.3935999159936587
2025-12-01 14:45:00+00:00 → 2025-12-01 15:28:00+00:00,XLK follows QQQ,0,0.9495742615275271
2025-12-01 14:46:00+00:00 → 2025-12-01 15:29:00+00:00,EWJ follows QQQ,0,0.6787288909253937
2025-12-01 14:46:00+00:00 → 2025-12-01 15:29:00+00:00,EWT follows QQQ,5,0.6197175992388787
2025-12-01 14:46:00+00:00 → 2025-12-01 15:29:00+00:00,EWC follows QQQ,0,0.4314623307928992
2025-12-01 14:46:00+00:00 → 2025-12-01 15:29:00+00:00,EWU follows QQQ,4,0.41809984957715246
2025-12-01 14:46:00+00:00 → 2025-12-01 15:29:00+00:00,XLK follows QQQ,0,0.9423409446955928
2025-12-01 14:47:00+00:00 → 2025-12-01 15:30:00+00:00,EWJ follows QQQ,0,0.6721424626023
2025-12-01 14:47:00+00:00 → 2025-12-01 15:30:00+00:00,EWT follows QQQ,5,0.6099432354047649
2025-12-01 14:47:00+00:00 → 2025-12-01 15:30:00+00:00,EWC follows QQQ,0,0.4286778547160857
2025-12-01 14:47:00+00:00 → 2025-12-01 15:30:00+00:00,EWU follows QQQ,0,0.37768039186099256
2025-12-01 14:47:00+00:00 → 2025-12-01 15:30:00+00:00,XLK follows QQQ,0,0.9535516710597498
2025-12-01 14:48:00+00:00 → 2025-12-01 15:31:00+00:00,EWJ follows QQQ,0,0.6975898946721489
2025-12-01 14:48:00+00:00 → 2025-12-01 15:31:00+00:00,EWT follows QQQ,0,0.6793743029657654
2025-12-01 14:48:00+00:00 → 2025-12-01 15:31:00+00:00,EWC follows QQQ,0,0.3548939091413348
2025-12-01 14:48:00+00:00 → 2025-12-01 15:31:00+00:00,EWU follows QQQ,0,0.35594719828154137
2025-12-01 14:48:00+00:00 → 2025-12-01 15:31:00+00:00,XLK follows QQQ,0,0.9497055390591278
2025-12-01 14:49:00+00:00 → 2025-12-01 15:32:00+00:00,EWJ follows QQQ,0,0.7145858849334046
2025-12-01 14:49:00+00:00 → 2025-12-01 15:32:00+00:00,EWT follows QQQ,0,0.7227885683066428
2025-12-01 14:49:00+00:00 → 2025-12-01 15:32:00+00:00,EWC follows QQQ,0,0.40901212055087055
2025-12-01 14:49:00+00:00 → 2025-12-01 15:32:00+00:00,EWU follows QQQ,0,0.41001817581500644
2025-12-01 14:49:00+00:00 → 2025-12-01 15:32:00+00:00,XLK follows QQQ,0,0.9509443400967859
2025-12-01 14:50:00+00:00 → 2025-12-01 15:33:00+00:00,EWJ follows QQQ,0,0.7235000891545094
2025-12-01 14:50:00+00:00 → 2025-12-01 15:33:00+00:00,EWT follows QQQ,0,0.7316940163108634
2025-12-01 14:50:00+00:00 → 2025-12-01 15:33:00+00:00,EWC follows QQQ,0,0.4296276465402492
2025-12-01 14:50:00+00:00 → 2025-12-01 15:33:00+00:00,EWU follows QQQ,0,0.4252444580775181
2025-12-01 14:50:00+00:00 → 2025-12-01 15:33:00+00:00,XLK follows QQQ,0,0.9562232176553108
2025-12-01 14:51:00+00:00 → 2025-12-01 15:34:00+00:00,EWJ follows QQQ,0,0.6753093191308221
2025-12-01 14:51:00+00:00 → 2025-12-01 15:34:00+00:00,EWT follows QQQ,0,0.789003384851079
2025-12-01 14:51:00+00:00 → 2025-12-01 15:34:00+00:00,EWC follows QQQ,0,0.49109626992709093
2025-12-01 14:51:00+00:00 → 2025-12-01 15:34:00+00:00,EWU follows QQQ,0,0.44817825041003995
2025-12-01 14:51:00+00:00 → 2025-12-01 15:34:00+00:00,XLK follows QQQ,0,0.9498805667052754
2025-12-01 14:52:00+00:00 → 2025-12-01 15:35:00+00:00,EWJ follows QQQ,0,0.6821269108640562
2025-12-01 14:52:00+00:00 → 2025-12-01 15:35:00+00:00,EWT follows QQQ,0,0.8009954242528334
2025-12-01 14:52:00+00:00 → 2025-12-01 15:35:00+00:00,EWC follows QQQ,0,0.5257189208727545
2025-12-01 14:52:00+00:00 → 2025-12-01 15:35:00+00:00,EWU follows QQQ,0,0.4473897936269128
2025-12-01 14:52:00+00:00 → 2025-12-01 15:35:00+00:00,XLK follows QQQ,0,0.9508961953484284
2025-12-01 14:58:00+00:00 → 2025-12-01 15:36:00+00:00,EWJ follows QQQ,0,0.6673466175902769
2025-12-01 14:58:00+00:00 → 2025-12-01 15:36:00+00:00,EWT follows QQQ,0,0.8146285221507703
2025-12-01 14:58:00+00:00 → 2025-12-01 15:36:00+00:00,EWC follows QQQ,0,0.6044270106710505
2025-12-01 14:58:00+00:00 → 2025-12-01 15:36:00+00:00,EWU follows QQQ,0,0.4022919522143697
2025-12-01 14:58:00+00:00 → 2025-12-01 15:36:00+00:00,XLK follows QQQ,0,0.9620185788074413
2025-12-01 14:59:00+00:00 → 2025-12-01 15:37:00+00:00,EWJ follows QQQ,0,0.6528825334833633
2025-12-01 14:59:00+00:00 → 2025-12-01 15:37:00+00:00,EWT follows QQQ,0,0.805771406258702
2025-12-01 14:59:00+00:00 → 2025-12-01 15:37:00+00:00,EWC follows QQQ,0,0.6073034114140808
2025-12-01 14:59:00+00:00 → 2025-12-01 15:37:00+00:00,EWU follows QQQ,0,0.43577511049091705
2025-12-01 14:59:00+00:00 → 2025-12-01 15:37:00+00:00,XLK follows QQQ,0,0.9623334629952316
2025-12-01 15:00:00+00:00 → 2025-12-01 15:38:00+00:00,EWJ follows QQQ,0,0.6524498694382
2025-12-01 15:00:00+00:00 → 2025-12-01 15:38:00+00:00,EWT follows QQQ,0,0.8122336066141128
2025-12-01 15:00:00+00:00 → 2025-12-01 15:38:00+00:00,EWC follows QQQ,0,0.5358453990699935
2025-12-01 15:00:00+00:00 → 2025-12-01 15:38:00+00:00,EWU follows QQQ,0,0.34537325090347804
2025-12-01 15:00:00+00:00 → 2025-12-01 15:38:00+00:00,XLK follows QQQ,0,0.9483490771249274
2025-12-01 15:01:00+00:00 → 2025-12-01 15:39:00+00:00,EWJ follows QQQ,0,0.6478915614676399
2025-12-01 15:01:00+00:00 → 2025-12-01 15:39:00+00:00,EWT follows QQQ,0,0.8315530917020194
2025-12-01 15:01:00+00:00 → 2025-12-01 15:39:00+00:00,EWC follows QQQ,0,0.5043972706244222
2025-12-01 15:01:00+00:00 → 2025-12-01 15:39:00+00:00,EWU follows QQQ,0,0.3749195855028707
2025-12-01 15:01:00+00:00 → 2025-12-01 15:39:00+00:00,XLK follows QQQ,0,0.9545711732433703
2025-12-01 15:02:00+00:00 → 2025-12-01 15:40:00+00:00,EWJ follows QQQ,0,0.6397516584184673
2025-12-01 15:02:00+00:00 → 2025-12-01 15:40:00+00:00,EWT follows QQQ,0,0.8768386906237866
2025-12-01 15:02:00+00:00 → 2025-12-01 15:40:00+00:00,EWC follows QQQ,0,0.51023077025111
2025-12-01 15:02:00+00:00 → 2025-12-01 15:40:00+00:00,EWU follows QQQ,0,0.3696934264559595
2025-12-01 15:02:00+00:00 → 2025-12-01 15:40:00+00:00,XLK follows QQQ,0,0.953962544467364
2025-12-01 15:03:00+00:00 → 2025-12-01 15:41:00+00:00,EWJ follows QQQ,0,0.6418224632567583
2025-12-01 15:03:00+00:00 → 2025-12-01 15:41:00+00:00,EWT follows QQQ,0,0.8722283240414624
2025-12-01 15:03:00+00:00 → 2025-12-01 15:41:00+00:00,EWC follows QQQ,0,0.521412752662954
2025-12-01 15:03:00+00:00 → 2025-12-01 15:41:00+00:00,EWU follows QQQ,0,0.36978745799570223
2025-12-01 15:03:00+00:00 → 2025-12-01 15:41:00+00:00,XLK follows QQQ,0,0.9486237486358439
2025-12-01 15:06:00+00:00 → 2025-12-01 15:42:00+00:00,EWJ follows QQQ,0,0.6481988683052983
2025-12-01 15:06:00+00:00 → 2025-12-01 15:42:00+00:00,EWT follows QQQ,0,0.8823177641102268
2025-12-01 15:06:00+00:00 → 2025-12-01 15:42:00+00:00,EWC follows QQQ,0,0.5087840679847655
2025-12-01 15:06:00+00:00 → 2025-12-01 15:42:00+00:00,EWU follows QQQ,0,0.4310284026343268
2025-12-01 15:06:00+00:00 → 2025-12-01 15:42:00+00:00,XLK follows QQQ,0,0.9490824358876387
2025-12-01 15:07:00+00:00 → 2025-12-01 15:43:00+00:00,EWJ follows QQQ,0,0.647790482938466
2025-12-01 15:07:00+00:00 → 2025-12-01 15:43:00+00:00,EWT follows QQQ,0,0.8835865892554896
2025-12-01 15:07:00+00:00 → 2025-12-01 15:43:00+00:00,EWC follows QQQ,0,0.5139029289482915
2025-12-01 15:07:00+00:00 → 2025-12-01 15:43:00+00:00,EWU follows QQQ,0,0.4277771585424999
2025-12-01 15:07:00+00:00 → 2025-12-01 15:43:00+00:00,XLK follows QQQ,0,0.9505407130292581
2025-12-01 15:08:00+00:00 → 2025-12-01 15:44:00+00:00,EWJ follows QQQ,0,0.6466946345107628
2025-12-01 15:08:00+00:00 → 2025-12-01 15:44:00+00:00,EWT follows QQQ,0,0.8839958111701789
2025-12-01 15:08:00+00:00 → 2025-12-01 15:44:00+00:00,EWC follows QQQ,0,0.48767975880936554
2025-12-01 15:08:00+00:00 → 2025-12-01 15:44:00+00:00,EWU follows QQQ,0,0.4213697456553133
2025-12-01 15:08:00+00:00 → 2025-12-01 15:44:00+00:00,XLK follows QQQ,0,0.9514860903520951
2025-12-01 15:11:00+00:00 → 2025-12-01 15:45:00+00:00,EWJ follows QQQ,0,0.67977068752048
2025-12-01 15:11:00+00:00 → 2025-12-01 15:45:00+00:00,EWT follows QQQ,0,0.8837031752035469
2025-12-01 15:11:00+00:00 → 2025-12-01 15:45:00+00:00,EWC follows QQQ,0,0.4851192960916632
2025-12-01 15:11:00+00:00 → 2025-12-01 15:45:00+00:00,EWU follows QQQ,0,0.43862903038658
2025-12-01 15:11:00+00:00 → 2025-12-01 15:45:00+00:00,XLK follows QQQ,0,0.9500105549955588
2025-12-01 15:14:00+00:00 → 2025-12-01 15:46:00+00:00,EWJ follows QQQ,0,0.7173578570368067
2025-12-01 15:14:00+00:00 → 2025-12-01 15:46:00+00:00,EWT follows QQQ,0,0.8860853187498023
2025-12-01 15:14:00+00:00 → 2025-12-01 15:46:00+00:00,EWC follows QQQ,0,0.5060818936937457
2025-12-01 15:14:00+00:00 → 2025-12-01 15:46:00+00:00,EWU follows QQQ,0,0.4467720078045232
2025-12-01 15:14:00+00:00 → 2025-12-01 15:46:00+00:00,XLK follows QQQ,0,0.9505521522952165
2025-12-01 15:15:00+00:00 → 2025-12-01 15:47:00+00:00,EWJ follows QQQ,0,0.6836157111954667
2025-12-01 15:15:00+00:00 → 2025-12-01 15:47:00+00:00,EWT follows QQQ,0,0.8642636644218591
2025-12-01 15:15:00+00:00 → 2025-12-01 15:47:00+00:00,EWC follows QQQ,0,0.616079180317647
2025-12-01 15:15:00+00:00 → 2025-12-01 15:47:00+00:00,EWU follows QQQ,0,0.5028450440101178
2025-12-01 15:15:00+00:00 → 2025-12-01 15:47:00+00:00,XLK follows QQQ,0,0.9418466433865617
2025-12-01 15:16:00+00:00 → 2025-12-01 15:48:00+00:00,EWJ follows QQQ,0,0.7186396551829771
2025-12-01 15:16:00+00:00 → 2025-12-01 15:48:00+00:00,EWT follows QQQ,0,0.8685745118652018
2025-12-01 15:16:00+00:00 → 2025-12-01 15:48:00+00:00,EWC follows QQQ,0,0.620798662328272
2025-12-01 15:16:00+00:00 → 2025-12-01 15:48:00+00:00,EWU follows QQQ,0,0.5466499204200197
2025-12-01 15:16:00+00:00 → 2025-12-01 15:48:00+00:00,XLK follows QQQ,0,0.9394509958512719
2025-12-01 15:17:00+00:00 → 2025-12-01 15:49:00+00:00,EWJ follows QQQ,0,0.6895038670137087
2025-12-01 15:17:00+00:00 → 2025-12-01 15:49:00+00:00,EWT follows QQQ,0,0.8576856780491728
2025-12-01 15:17:00+00:00 → 2025-12-01 15:49:00+00:00,EWC follows QQQ,0,0.5839611131224398
2025-12-01 15:17:00+00:00 → 2025-12-01 15:49:00+00:00,EWU follows QQQ,0,0.5562023011842075
2025-12-01 15:17:00+00:00 → 2025-12-01 15:49:00+00:00,XLK follows QQQ,0,0.9457031780795558
2025-12-01 15:21:00+00:00 → 2025-12-01 15:50:00+00:00,EWJ follows QQQ,0,0.7089826120531234
2025-12-01 15:21:00+00:00 → 2025-12-01 15:50:00+00:00,EWT follows QQQ,0,0.8747984873816077
2025-12-01 15:21:00+00:00 → 2025-12-01 15:50:00+00:00,EWC follows QQQ,0,0.5910970722179424
2025-12-01 15:21:00+00:00 → 2025-12-01 15:50:00+00:00,EWU follows QQQ,0,0.5523012153961812
2025-12-01 15:21:00+00:00 → 2025-12-01 15:50:00+00:00,XLK follows QQQ,0,0.9507599960574449
2025-12-01 15:22:00+00:00 → 2025-12-01 15:51:00+00:00,EWJ follows QQQ,0,0.757958661241325
2025-12-01 15:22:00+00:00 → 2025-12-01 15:51:00+00:00,EWT follows QQQ,0,0.8979938585284851
2025-12-01 15:22:00+00:00 → 2025-12-01 15:51:00+00:00,EWC follows QQQ,0,0.6259303246854437
2025-12-01 15:22:00+00:00 → 2025-12-01 15:51:00+00:00,EWU follows QQQ,0,0.5671942929359631
2025-12-01 15:22:00+00:00 → 2025-12-01 15:51:00+00:00,XLK follows QQQ,0,0.9546956762534426
2025-12-01 15:23:00+00:00 → 2025-12-01 15:52:00+00:00,EWJ follows QQQ,0,0.7917732313610895
2025-12-01 15:23:00+00:00 → 2025-12-01 15:52:00+00:00,EWT follows QQQ,0,0.9131484910339063
2025-12-01 15:23:00+00:00 → 2025-12-01 15:52:00+00:00,EWC follows QQQ,0,0.6314466847582253
2025-12-01 15:23:00+00:00 → 2025-12-01 15:52:00+00:00,EWU follows QQQ,0,0.661116555319003
2025-12-01 15:23:00+00:00 → 2025-12-01 15:52:00+00:00,XLK follows QQQ,0,0.9624711372908559
2025-12-01 15:24:00+00:00 → 2025-12-01 15:53:00+00:00,EWJ follows QQQ,0,0.7902892693656822
2025-12-01 15:24:00+00:00 → 2025-12-01 15:53:00+00:00,EWT follows QQQ,0,0.9114521802338386
2025-12-01 15:24:00+00:00 → 2025-12-01 15:53:00+00:00,EWC follows QQQ,0,0.6318571317959938
2025-12-01 15:24:00+00:00 → 2025-12-01 15:53:00+00:00,EWU follows QQQ,0,0.6290705165075747
2025-12-01 15:24:00+00:00 → 2025-12-01 15:53:00+00:00,XLK follows QQQ,0,0.9635068742431094
2025-12-01 15:25:00+00:00 → 2025-12-01 15:54:00+00:00,EWJ follows QQQ,0,0.7868692596266066
2025-12-01 15:25:00+00:00 → 2025-12-01 15:54:00+00:00,EWT follows QQQ,0,0.9106290445235513
2025-12-01 15:25:00+00:00 → 2025-12-01 15:54:00+00:00,EWC follows QQQ,0,0.6295059201258941
2025-12-01 15:25:00+00:00 → 2025-12-01 15:54:00+00:00,EWU follows QQQ,0,0.6127005809199633
2025-12-01 15:25:00+00:00 → 2025-12-01 15:54:00+00:00,XLK follows QQQ,0,0.9637099384266975
2025-12-01 15:26:00+00:00 → 2025-12-01 15:55:00+00:00,EWJ follows QQQ,0,0.7772394400457494
2025-12-01 15:26:00+00:00 → 2025-12-01 15:55:00+00:00,EWT follows QQQ,0,0.9037876803993614
2025-12-01 15:26:00+00:00 → 2025-12-01 15:55:00+00:00,EWC follows QQQ,0,0.6018148928658388
2025-12-01 15:26:00+00:00 → 2025-12-01 15:55:00+00:00,EWU follows QQQ,0,0.5804681029710319
2025-12-01 15:26:00+00:00 → 2025-12-01 15:55:00+00:00,XLK follows QQQ,0,0.9625299043798811
2025-12-01 15:27:00+00:00 → 2025-12-01 15:56:00+00:00,EWJ follows QQQ,0,0.7904070778408879
2025-12-01 15:27:00+00:00 → 2025-12-01 15:56:00+00:00,EWT follows QQQ,0,0.9077407613360757
2025-12-01 15:27:00+00:00 → 2025-12-01 15:56:00+00:00,EWC follows QQQ,0,0.5969319323206101
2025-12-01 15:27:00+00:00 → 2025-12-01 15:56:00+00:00,EWU follows QQQ,0,0.5771630904960033
2025-12-01 15:27:00+00:00 → 2025-12-01 15:56:00+00:00,XLK follows QQQ,0,0.9638062954662878
2025-12-01 15:28:00+00:00 → 2025-12-01 15:57:00+00:00,EWJ follows QQQ,0,0.7805503286184208
2025-12-01 15:28:00+00:00 → 2025-12-01 15:57:00+00:00,EWT follows QQQ,0,0.9129036648362193
2025-12-01 15:28:00+00:00 → 2025-12-01 15:57:00+00:00,EWC follows QQQ,0,0.5899514241262052
2025-12-01 15:28:00+00:00 → 2025-12-01 15:57:00+00:00,EWU follows QQQ,0,0.5695714195904753
2025-12-01 15:28:00+00:00 → 2025-12-01 15:57:00+00:00,XLK follows QQQ,0,0.9615215819953562
2025-12-01 15:29:00+00:00 → 2025-12-01 16:00:00+00:00,EWJ follows QQQ,0,0.7868625565977961
2025-12-01 15:29:00+00:00 → 2025-12-01 16:00:00+00:00,EWT follows QQQ,0,0.9111133316005825
2025-12-01 15:29:00+00:00 → 2025-12-01 16:00:00+00:00,EWC follows QQQ,0,0.590833169655529
2025-12-01 15:29:00+00:00 → 2025-12-01 16:00:00+00:00,EWU follows QQQ,0,0.5528747597540712
2025-12-01 15:29:00+00:00 → 2025-12-01 16:00:00+00:00,XLK follows QQQ,0,0.9641107282684228
2025-12-01 15:30:00+00:00 → 2025-12-01 16:01:00+00:00,EWJ follows QQQ,0,0.8009461806099485
2025-12-01 15:30:00+00:00 → 2025-12-01 16:01:00+00:00,EWT follows QQQ,0,0.8975649601874813
2025-12-01 15:30:00+00:00 → 2025-12-01 16:01:00+00:00,EWC follows QQQ,0,0.6572097388727937
2025-12-01 15:30:00+00:00 → 2025-12-01 16:01:00+00:00,EWU follows QQQ,0,0.5668859055523052
2025-12-01 15:30:00+00:00 → 2025-12-01 16:01:00+00:00,XLK follows QQQ,0,0.9622263597106363
2025-12-01 15:31:00+00:00 → 2025-12-01 16:02:00+00:00,EWJ follows QQQ,0,0.7573133962948855
2025-12-01 15:31:00+00:00 → 2025-12-01 16:02:00+00:00,EWT follows QQQ,0,0.8960364646514377
2025-12-01 15:31:00+00:00 → 2025-12-01 16:02:00+00:00,EWC follows QQQ,0,0.6357529683309672
2025-12-01 15:31:00+00:00 → 2025-12-01 16:02:00+00:00,EWU follows QQQ,0,0.5409694582076543
2025-12-01 15:31:00+00:00 → 2025-12-01 16:02:00+00:00,XLK follows QQQ,0,0.9582688877272902
2025-12-01 15:32:00+00:00 → 2025-12-01 16:03:00+00:00,EWJ follows QQQ,0,0.7733743809010016
2025-12-01 15:32:00+00:00 → 2025-12-01 16:03:00+00:00,EWT follows QQQ,0,0.8935244032119651
2025-12-01 15:32:00+00:00 → 2025-12-01 16:03:00+00:00,EWC follows QQQ,0,0.6243101865890553
2025-12-01 15:32:00+00:00 → 2025-12-01 16:03:00+00:00,EWU follows QQQ,3,0.5447588483150245
2025-12-01 15:32:00+00:00 → 2025-12-01 16:03:00+00:00,XLK follows QQQ,0,0.9530714974011489
2025-12-01 15:33:00+00:00 → 2025-12-01 16:04:00+00:00,EWJ follows QQQ,0,0.7700525115087808
2025-12-01 15:33:00+00:00 → 2025-12-01 16:04:00+00:00,EWT follows QQQ,0,0.8952207797716278
2025-12-01 15:33:00+00:00 → 2025-12-01 16:04:00+00:00,EWC follows QQQ,0,0.6453616579050643
2025-12-01 15:33:00+00:00 → 2025-12-01 16:04:00+00:00,EWU follows QQQ,0,0.5370121583909945
2025-12-01 15:33:00+00:00 → 2025-12-01 16:04:00+00:00,XLK follows QQQ,0,0.9525523144910013
2025-12-01 15:34:00+00:00 → 2025-12-01 16:05:00+00:00,EWJ follows QQQ,0,0.7695693551450455
2025-12-01 15:34:00+00:00 → 2025-12-01 16:05:00+00:00,EWT follows QQQ,0,0.8961141367423561
2025-12-01 15:34:00+00:00 → 2025-12-01 16:05:00+00:00,EWC follows QQQ,0,0.6481400207679089
2025-12-01 15:34:00+00:00 → 2025-12-01 16:05:00+00:00,EWU follows QQQ,0,0.5536096114125225
2025-12-01 15:34:00+00:00 → 2025-12-01 16:05:00+00:00,XLK follows QQQ,0,0.9532225150397537
2025-12-01 15:35:00+00:00 → 2025-12-01 16:06:00+00:00,EWJ follows QQQ,0,0.7450512364478906
2025-12-01 15:35:00+00:00 → 2025-12-01 16:06:00+00:00,EWT follows QQQ,0,0.8692987247039586
2025-12-01 15:35:00+00:00 → 2025-12-01 16:06:00+00:00,EWC follows QQQ,0,0.6113573145509114
2025-12-01 15:35:00+00:00 → 2025-12-01 16:06:00+00:00,EWU follows QQQ,3,0.4312336113161468
2025-12-01 15:35:00+00:00 → 2025-12-01 16:06:00+00:00,XLK follows QQQ,0,0.951035226371003
2025-12-01 15:36:00+00:00 → 2025-12-01 16:07:00+00:00,EWJ follows QQQ,0,0.7616680394559567
2025-12-01 15:36:00+00:00 → 2025-12-01 16:07:00+00:00,EWT follows QQQ,0,0.8749063628752775
2025-12-01 15:36:00+00:00 → 2025-12-01 16:07:00+00:00,EWC follows QQQ,0,0.6167203138127597
2025-12-01 15:36:00+00:00 → 2025-12-01 16:07:00+00:00,EWU follows QQQ,0,0.4648695965636865
2025-12-01 15:36:00+00:00 → 2025-12-01 16:07:00+00:00,XLK follows QQQ,0,0.952956347792139
2025-12-01 15:37:00+00:00 → 2025-12-01 16:08:00+00:00,EWJ follows QQQ,0,0.789464172955657
2025-12-01 15:37:00+00:00 → 2025-12-01 16:08:00+00:00,EWT follows QQQ,0,0.8790775898013561
2025-12-01 15:37:00+00:00 → 2025-12-01 16:08:00+00:00,EWC follows QQQ,0,0.5589870753856977
2025-12-01 15:37:00+00:00 → 2025-12-01 16:08:00+00:00,EWU follows QQQ,0,0.5128262144886344
2025-12-01 15:37:00+00:00 → 2025-12-01 16:08:00+00:00,XLK follows QQQ,0,0.9496507930326713
2025-12-01 15:38:00+00:00 → 2025-12-01 16:09:00+00:00,EWJ follows QQQ,0,0.7791744399450743
2025-12-01 15:38:00+00:00 → 2025-12-01 16:09:00+00:00,EWT follows QQQ,0,0.877242104170569
2025-12-01 15:38:00+00:00 → 2025-12-01 16:09:00+00:00,EWC follows QQQ,0,0.5382500954273202
2025-12-01 15:38:00+00:00 → 2025-12-01 16:09:00+00:00,EWU follows QQQ,0,0.4648466009704975
2025-12-01 15:38:00+00:00 → 2025-12-01 16:09:00+00:00,XLK follows QQQ,0,0.9502171537071855
2025-12-01 15:39:00+00:00 → 2025-12-01 16:10:00+00:00,EWJ follows QQQ,0,0.7601617972171489
2025-12-01 15:39:00+00:00 → 2025-12-01 16:10:00+00:00,EWT follows QQQ,0,0.8795755638157958
2025-12-01 15:39:00+00:00 → 2025-12-01 16:10:00+00:00,EWC follows QQQ,0,0.6023652637646781
2025-12-01 15:39:00+00:00 → 2025-12-01 16:10:00+00:00,EWU follows QQQ,0,0.5803468183191802
2025-12-01 15:39:00+00:00 → 2025-12-01 16:10:00+00:00,XLK follows QQQ,0,0.9577248333561155
2025-12-01 15:40:00+00:00 → 2025-12-01 16:11:00+00:00,EWJ follows QQQ,0,0.7959740794340434
2025-12-01 15:40:00+00:00 → 2025-12-01 16:11:00+00:00,EWT follows QQQ,0,0.8822106056449137
2025-12-01 15:40:00+00:00 → 2025-12-01 16:11:00+00:00,EWC follows QQQ,0,0.5997731465436739
2025-12-01 15:40:00+00:00 → 2025-12-01 16:11:00+00:00,EWU follows QQQ,0,0.5375007955302108
2025-12-01 15:40:00+00:00 → 2025-12-01 16:11:00+00:00,XLK follows QQQ,0,0.9569593002960007
2025-12-01 15:41:00+00:00 → 2025-12-01 16:12:00+00:00,EWJ follows QQQ,0,0.7774893623578024
2025-12-01 15:41:00+00:00 → 2025-12-01 16:12:00+00:00,EWT follows QQQ,0,0.8737291798293519
2025-12-01 15:41:00+00:00 → 2025-12-01 16:12:00+00:00,EWC follows QQQ,0,0.6070176646365838
2025-12-01 15:41:00+00:00 → 2025-12-01 16:12:00+00:00,EWU follows QQQ,0,0.5378930646743627
2025-12-01 15:41:00+00:00 → 2025-12-01 16:12:00+00:00,XLK follows QQQ,0,0.9585224961357705
2025-12-01 15:42:00+00:00 → 2025-12-01 16:13:00+00:00,EWJ follows QQQ,0,0.7791425495124511
2025-12-01 15:42:00+00:00 → 2025-12-01 16:13:00+00:00,EWT follows QQQ,0,0.8762332493293155
2025-12-01 15:42:00+00:00 → 2025-12-01 16:13:00+00:00,EWC follows QQQ,0,0.6063784572451218
2025-12-01 15:42:00+00:00 → 2025-12-01 16:13:00+00:00,EWU follows QQQ,0,0.516938809767109
2025-12-01 15:42:00+00:00 → 2025-12-01 16:13:00+00:00,XLK follows QQQ,0,0.9635957577857165
2025-12-01 15:43:00+00:00 → 2025-12-01 16:14:00+00:00,EWJ follows QQQ,0,0.7953004636692942
2025-12-01 15:43:00+00:00 → 2025-12-01 16:14:00+00:00,EWT follows QQQ,0,0.872042369480858
2025-12-01 15:43:00+00:00 → 2025-12-01 16:14:00+00:00,EWC follows QQQ,0,0.5564717023128403
2025-12-01 15:43:00+00:00 → 2025-12-01 16:14:00+00:00,EWU follows QQQ,0,0.5252334190734753
2025-12-01 15:43:00+00:00 → 2025-12-01 16:14:00+00:00,XLK follows QQQ,0,0.9673986173607468
2025-12-01 15:44:00+00:00 → 2025-12-01 16:15:00+00:00,EWJ follows QQQ,0,0.7764680813892476
2025-12-01 15:44:00+00:00 → 2025-12-01 16:15:00+00:00,EWT follows QQQ,0,0.872461984111133
2025-12-01 15:44:00+00:00 → 2025-12-01 16:15:00+00:00,EWC follows QQQ,0,0.5455030488756629
2025-12-01 15:44:00+00:00 → 2025-12-01 16:15:00+00:00,EWU follows QQQ,0,0.46426856489846224
2025-12-01 15:44:00+00:00 → 2025-12-01 16:15:00+00:00,XLK follows QQQ,0,0.9648685967566519
2025-12-01 15:45:00+00:00 → 2025-12-01 16:16:00+00:00,EWJ follows QQQ,0,0.7746234890196156
2025-12-01 15:45:00+00:00 → 2025-12-01 16:16:00+00:00,EWT follows QQQ,0,0.8699946326746342
2025-12-01 15:45:00+00:00 → 2025-12-01 16:16:00+00:00,EWC follows QQQ,0,0.5701602692244454
2025-12-01 15:45:00+00:00 → 2025-12-01 16:16:00+00:00,EWU follows QQQ,0,0.46329124749296885
2025-12-01 15:45:00+00:00 → 2025-12-01 16:16:00+00:00,XLK follows QQQ,0,0.9647220516795069
2025-12-01 15:46:00+00:00 → 2025-12-01 16:17:00+00:00,EWJ follows QQQ,0,0.7646389776327
2025-12-01 15:46:00+00:00 → 2025-12-01 16:17:00+00:00,EWT follows QQQ,0,0.8610955392570825
2025-12-01 15:46:00+00:00 → 2025-12-01 16:17:00+00:00,EWC follows QQQ,0,0.5544068051497373
2025-12-01 15:46:00+00:00 → 2025-12-01 16:17:00+00:00,EWU follows QQQ,-1,0.49613985587268095
2025-12-01 15:46:00+00:00 → 2025-12-01 16:17:00+00:00,XLK follows QQQ,0,0.9665238929132798
2025-12-01 15:47:00+00:00 → 2025-12-01 16:18:00+00:00,EWJ follows QQQ,0,0.7647636352810205
2025-12-01 15:47:00+00:00 → 2025-12-01 16:18:00+00:00,EWT follows QQQ,0,0.8652846652120427
2025-12-01 15:47:00+00:00 → 2025-12-01 16:18:00+00:00,EWC follows QQQ,0,0.5656430907149932
2025-12-01 15:47:00+00:00 → 2025-12-01 16:18:00+00:00,EWU follows QQQ,3,0.3936408950181254
2025-12-01 15:47:00+00:00 → 2025-12-01 16:18:00+00:00,XLK follows QQQ,0,0.9690661349349835
2025-12-01 15:48:00+00:00 → 2025-12-01 16:19:00+00:00,EWJ follows QQQ,0,0.7847441606901827
2025-12-01 15:48:00+00:00 → 2025-12-01 16:19:00+00:00,EWT follows QQQ,0,0.8704619251522848
2025-12-01 15:48:00+00:00 → 2025-12-01 16:19:00+00:00,EWC follows QQQ,0,0.5822798537233542
2025-12-01 15:48:00+00:00 → 2025-12-01 16:19:00+00:00,EWU follows QQQ,3,0.39542322475362324
2025-12-01 15:48:00+00:00 → 2025-12-01 16:19:00+00:00,XLK follows QQQ,0,0.9715220322100794
2025-12-01 15:49:00+00:00 → 2025-12-01 16:20:00+00:00,EWJ follows QQQ,0,0.796763527911122
2025-12-01 15:49:00+00:00 → 2025-12-01 16:20:00+00:00,EWT follows QQQ,0,0.8769492165532741
2025-12-01 15:49:00+00:00 → 2025-12-01 16:20:00+00:00,EWC follows QQQ,0,0.560173360364503
2025-12-01 15:49:00+00:00 → 2025-12-01 16:20:00+00:00,EWU follows QQQ,3,0.3729938928293273
2025-12-01 15:49:00+00:00 → 2025-12-01 16:20:00+00:00,XLK follows QQQ,0,0.9742582513243266
2025-12-01 15:50:00+00:00 → 2025-12-01 16:21:00+00:00,EWJ follows QQQ,0,0.7955943218594095
2025-12-01 15:50:00+00:00 → 2025-12-01 16:21:00+00:00,EWT follows QQQ,0,0.8741621573657316
2025-12-01 15:50:00+00:00 → 2025-12-01 16:21:00+00:00,EWC follows QQQ,0,0.5834056909606674
2025-12-01 15:50:00+00:00 → 2025-12-01 16:21:00+00:00,EWU follows QQQ,3,0.36411459795837775
2025-12-01 15:50:00+00:00 → 2025-12-01 16:21:00+00:00,XLK follows QQQ,0,0.9746084377172004
2025-12-01 15:51:00+00:00 → 2025-12-01 16:22:00+00:00,EWJ follows QQQ,0,0.7886714091569041
2025-12-01 15:51:00+00:00 → 2025-12-01 16:22:00+00:00,EWT follows QQQ,0,0.8864176103478566
2025-12-01 15:51:00+00:00 → 2025-12-01 16:22:00+00:00,EWC follows QQQ,0,0.5789344034658405
2025-12-01 15:51:00+00:00 → 2025-12-01 16:22:00+00:00,EWU follows QQQ,0,0.35987434243059635
2025-12-01 15:51:00+00:00 → 2025-12-01 16:22:00+00:00,XLK follows QQQ,0,0.9734938727972665
2025-12-01 15:52:00+00:00 → 2025-12-01 16:23:00+00:00,EWJ follows QQQ,0,0.7669081915359355
2025-12-01 15:52:00+00:00 → 2025-12-01 16:23:00+00:00,EWT follows QQQ,0,0.8772711388383172
2025-12-01 15:52:00+00:00 → 2025-12-01 16:23:00+00:00,EWC follows QQQ,0,0.5104794460089969
2025-12-01 15:52:00+00:00 → 2025-12-01 16:23:00+00:00,EWU follows QQQ,3,0.42712975336548903
2025-12-01 15:52:00+00:00 → 2025-12-01 16:23:00+00:00,XLK follows QQQ,0,0.9704157545414
2025-12-01 15:53:00+00:00 → 2025-12-01 16:24:00+00:00,EWJ follows QQQ,0,0.7245182106884159
2025-12-01 15:53:00+00:00 → 2025-12-01 16:24:00+00:00,EWT follows QQQ,0,0.8285978896995871
2025-12-01 15:53:00+00:00 → 2025-12-01 16:24:00+00:00,EWC follows QQQ,0,0.49076557538078214
2025-12-01 15:53:00+00:00 → 2025-12-01 16:24:00+00:00,EWU follows QQQ,3,0.3244747926225027
2025-12-01 15:53:00+00:00 → 2025-12-01 16:24:00+00:00,XLK follows QQQ,0,0.9578621397105693
2025-12-01 15:54:00+00:00 → 2025-12-01 16:25:00+00:00,EWJ follows QQQ,0,0.7343756566818778
2025-12-01 15:54:00+00:00 → 2025-12-01 16:25:00+00:00,EWT follows QQQ,0,0.8304120012105133
2025-12-01 15:54:00+00:00 → 2025-12-01 16:25:00+00:00,EWC follows QQQ,0,0.5128395591911642
2025-12-01 15:54:00+00:00 → 2025-12-01 16:25:00+00:00,EWU follows QQQ,3,0.3528926045702577
2025-12-01 15:54:00+00:00 → 2025-12-01 16:25:00+00:00,XLK follows QQQ,0,0.9590026998935944
2025-12-01 15:55:00+00:00 → 2025-12-01 16:26:00+00:00,EWJ follows QQQ,0,0.7087087273014466
2025-12-01 15:55:00+00:00 → 2025-12-01 16:26:00+00:00,EWT follows QQQ,0,0.7797175063138739
2025-12-01 15:55:00+00:00 → 2025-12-01 16:26:00+00:00,EWC follows QQQ,0,0.5059504503974884
2025-12-01 15:55:00+00:00 → 2025-12-01 16:26:00+00:00,EWU follows QQQ,3,0.3448380313921712
2025-12-01 15:55:00+00:00 → 2025-12-01 16:26:00+00:00,XLK follows QQQ,0,0.9555545576647988
2025-12-01 15:56:00+00:00 → 2025-12-01 16:27:00+00:00,EWJ follows QQQ,0,0.7207925801957294
2025-12-01 15:56:00+00:00 → 2025-12-01 16:27:00+00:00,EWT follows QQQ,0,0.782665058980223
2025-12-01 15:56:00+00:00 → 2025-12-01 16:27:00+00:00,EWC follows QQQ,0,0.5449553315712496
2025-12-01 15:56:00+00:00 → 2025-12-01 16:27:00+00:00,EWU follows QQQ,3,0.3509022187655107
2025-12-01 15:56:00+00:00 → 2025-12-01 16:27:00+00:00,XLK follows QQQ,0,0.9579345107685009
2025-12-01 15:57:00+00:00 → 2025-12-01 16:28:00+00:00,EWJ follows QQQ,0,0.7214138175509403
2025-12-01 15:57:00+00:00 → 2025-12-01 16:28:00+00:00,EWT follows QQQ,0,0.7840229596381182
2025-12-01 15:57:00+00:00 → 2025-12-01 16:28:00+00:00,EWC follows QQQ,0,0.5624903608227733
2025-12-01 15:57:00+00:00 → 2025-12-01 16:28:00+00:00,EWU follows QQQ,0,0.24509151234157497
2025-12-01 15:57:00+00:00 → 2025-12-01 16:28:00+00:00,XLK follows QQQ,0,0.9560246835856671
2025-12-01 16:00:00+00:00 → 2025-12-01 16:29:00+00:00,EWJ follows QQQ,0,0.7417776252560856
2025-12-01 16:00:00+00:00 → 2025-12-01 16:29:00+00:00,EWT follows QQQ,0,0.7905722307361808
2025-12-01 16:00:00+00:00 → 2025-12-01 16:29:00+00:00,EWC follows QQQ,0,0.5771481370623598
2025-12-01 16:00:00+00:00 → 2025-12-01 16:29:00+00:00,EWU follows QQQ,0,0.27704367177282696
2025-12-01 16:00:00+00:00 → 2025-12-01 16:29:00+00:00,XLK follows QQQ,0,0.9621852696891751
2025-12-01 16:01:00+00:00 → 2025-12-01 16:30:00+00:00,EWJ follows QQQ,0,0.759939913615731
2025-12-01 16:01:00+00:00 → 2025-12-01 16:30:00+00:00,EWT follows QQQ,0,0.809348682640754
2025-12-01 16:01:00+00:00 → 2025-12-01 16:30:00+00:00,EWC follows QQQ,0,0.5830303563638076
2025-12-01 16:01:00+00:00 → 2025-12-01 16:30:00+00:00,EWU follows QQQ,0,0.3113598645930915
2025-12-01 16:01:00+00:00 → 2025-12-01 16:30:00+00:00,XLK follows QQQ,0,0.9635729902112203
2025-12-01 16:02:00+00:00 → 2025-12-01 16:33:00+00:00,EWJ follows QQQ,0,0.754143489181431
2025-12-01 16:02:00+00:00 → 2025-12-01 16:33:00+00:00,EWT follows QQQ,0,0.8248035734367639
2025-12-01 16:02:00+00:00 → 2025-12-01 16:33:00+00:00,EWC follows QQQ,0,0.575652455220723
2025-12-01 16:02:00+00:00 → 2025-12-01 16:33:00+00:00,EWU follows QQQ,0,0.2990333164792224
2025-12-01 16:02:00+00:00 → 2025-12-01 16:33:00+00:00,XLK follows QQQ,0,0.9638768902030355
2025-12-01 16:03:00+00:00 → 2025-12-01 16:34:00+00:00,EWJ follows QQQ,0,0.8095222931412182
2025-12-01 16:03:00+00:00 → 2025-12-01 16:34:00+00:00,EWT follows QQQ,0,0.8272821433791476
2025-12-01 16:03:00+00:00 → 2025-12-01 16:34:00+00:00,EWC follows QQQ,0,0.5608439761154403
2025-12-01 16:03:00+00:00 → 2025-12-01 16:34:00+00:00,EWU follows QQQ,0,0.2520919533535165
2025-12-01 16:03:00+00:00 → 2025-12-01 16:34:00+00:00,XLK follows QQQ,0,0.96939234006865
2025-12-01 16:04:00+00:00 → 2025-12-01 16:35:00+00:00,EWJ follows QQQ,0,0.8028267192169507
2025-12-01 16:04:00+00:00 → 2025-12-01 16:35:00+00:00,EWT follows QQQ,0,0.8336420838097861
2025-12-01 16:04:00+00:00 → 2025-12-01 16:35:00+00:00,EWC follows QQQ,0,0.5661164502033623
2025-12-01 16:04:00+00:00 → 2025-12-01 16:35:00+00:00,EWU follows QQQ,0,0.2606975846025712
2025-12-01 16:04:00+00:00 → 2025-12-01 16:35:00+00:00,XLK follows QQQ,0,0.9781160484189226
2025-12-01 16:05:00+00:00 → 2025-12-01 16:36:00+00:00,EWJ follows QQQ,0,0.8054701688355353
2025-12-01 16:05:00+00:00 → 2025-12-01 16:36:00+00:00,EWT follows QQQ,0,0.8329874759548744
2025-12-01 16:05:00+00:00 → 2025-12-01 16:36:00+00:00,EWC follows QQQ,0,0.5551204396672802
2025-12-01 16:05:00+00:00 → 2025-12-01 16:36:00+00:00,EWU follows QQQ,0,0.2646675549257586
2025-12-01 16:05:00+00:00 → 2025-12-01 16:36:00+00:00,XLK follows QQQ,0,0.978234070034922
2025-12-01 16:06:00+00:00 → 2025-12-01 16:37:00+00:00,EWJ follows QQQ,0,0.7976160863411053
2025-12-01 16:06:00+00:00 → 2025-12-01 16:37:00+00:00,EWT follows QQQ,0,0.831625539172147
2025-12-01 16:06:00+00:00 → 2025-12-01 16:37:00+00:00,EWC follows QQQ,0,0.5344072678629148
2025-12-01 16:06:00+00:00 → 2025-12-01 16:37:00+00:00,EWU follows QQQ,3,0.27289824511501903
2025-12-01 16:06:00+00:00 → 2025-12-01 16:37:00+00:00,XLK follows QQQ,0,0.9773919741427031
2025-12-01 16:07:00+00:00 → 2025-12-01 16:38:00+00:00,EWJ follows QQQ,0,0.7539567769613125
2025-12-01 16:07:00+00:00 → 2025-12-01 16:38:00+00:00,EWT follows QQQ,0,0.837234693015533
2025-12-01 16:07:00+00:00 → 2025-12-01 16:38:00+00:00,EWC follows QQQ,0,0.5166587598811733
2025-12-01 16:07:00+00:00 → 2025-12-01 16:38:00+00:00,EWU follows QQQ,3,0.2915343782382588
2025-12-01 16:07:00+00:00 → 2025-12-01 16:38:00+00:00,XLK follows QQQ,0,0.973395762331005
2025-12-01 16:08:00+00:00 → 2025-12-01 16:39:00+00:00,EWJ follows QQQ,0,0.7264475757705422
2025-12-01 16:08:00+00:00 → 2025-12-01 16:39:00+00:00,EWT follows QQQ,0,0.815214378165944
2025-12-01 16:08:00+00:00 → 2025-12-01 16:39:00+00:00,EWC follows QQQ,0,0.47615882477711324
2025-12-01 16:08:00+00:00 → 2025-12-01 16:39:00+00:00,EWU follows QQQ,3,0.326716169786361
2025-12-01 16:08:00+00:00 → 2025-12-01 16:39:00+00:00,XLK follows QQQ,0,0.977530446464844
2025-12-01 16:09:00+00:00 → 2025-12-01 16:40:00+00:00,EWJ follows QQQ,0,0.7221454942596143
2025-12-01 16:09:00+00:00 → 2025-12-01 16:40:00+00:00,EWT follows QQQ,0,0.8110669698049517
2025-12-01 16:09:00+00:00 → 2025-12-01 16:40:00+00:00,EWC follows QQQ,0,0.4641744680155082
2025-12-01 16:09:00+00:00 → 2025-12-01 16:40:00+00:00,EWU follows QQQ,3,0.34937402231754333
2025-12-01 16:09:00+00:00 → 2025-12-01 16:40:00+00:00,XLK follows QQQ,0,0.977058425201672
2025-12-01 16:10:00+00:00 → 2025-12-01 16:41:00+00:00,EWJ follows QQQ,0,0.7064381887072149
2025-12-01 16:10:00+00:00 → 2025-12-01 16:41:00+00:00,EWT follows QQQ,0,0.8090004699143405
2025-12-01 16:10:00+00:00 → 2025-12-01 16:41:00+00:00,EWC follows QQQ,0,0.444923770514743
2025-12-01 16:10:00+00:00 → 2025-12-01 16:41:00+00:00,EWU follows QQQ,3,0.3336750125514629
2025-12-01 16:10:00+00:00 → 2025-12-01 16:41:00+00:00,XLK follows QQQ,0,0.976278264940075
2025-12-01 16:11:00+00:00 → 2025-12-01 16:42:00+00:00,EWJ follows QQQ,0,0.7485404465531783
2025-12-01 16:11:00+00:00 → 2025-12-01 16:42:00+00:00,EWT follows QQQ,0,0.8241109995035545
2025-12-01 16:11:00+00:00 → 2025-12-01 16:42:00+00:00,EWC follows QQQ,0,0.498604997302795
2025-12-01 16:11:00+00:00 → 2025-12-01 16:42:00+00:00,EWU follows QQQ,0,0.3186217175480928
2025-12-01 16:11:00+00:00 → 2025-12-01 16:42:00+00:00,XLK follows QQQ,0,0.9744181097481908
2025-12-01 16:12:00+00:00 → 2025-12-01 16:45:00+00:00,EWJ follows QQQ,0,0.7244747194063863
2025-12-01 16:12:00+00:00 → 2025-12-01 16:45:00+00:00,EWT follows QQQ,0,0.8200079240531919
2025-12-01 16:12:00+00:00 → 2025-12-01 16:45:00+00:00,EWC follows QQQ,0,0.5071714349432866
2025-12-01 16:12:00+00:00 → 2025-12-01 16:45:00+00:00,EWU follows QQQ,0,0.3500888921308532
2025-12-01 16:12:00+00:00 → 2025-12-01 16:45:00+00:00,XLK follows QQQ,0,0.9712136145449284
2025-12-01 16:13:00+00:00 → 2025-12-01 16:46:00+00:00,EWJ follows QQQ,0,0.7604790163347667
2025-12-01 16:13:00+00:00 → 2025-12-01 16:46:00+00:00,EWT follows QQQ,0,0.8243034824646145
2025-12-01 16:13:00+00:00 → 2025-12-01 16:46:00+00:00,EWC follows QQQ,0,0.5056675532228944
2025-12-01 16:13:00+00:00 → 2025-12-01 16:46:00+00:00,EWU follows QQQ,0,0.3407944419175315
2025-12-01 16:13:00+00:00 → 2025-12-01 16:46:00+00:00,XLK follows QQQ,0,0.9734624710626941
2025-12-01 16:14:00+00:00 → 2025-12-01 16:47:00+00:00,EWJ follows QQQ,0,0.7522110692617807
2025-12-01 16:14:00+00:00 → 2025-12-01 16:47:00+00:00,EWT follows QQQ,0,0.8243071842752266
2025-12-01 16:14:00+00:00 → 2025-12-01 16:47:00+00:00,EWC follows QQQ,0,0.485502241534649
2025-12-01 16:14:00+00:00 → 2025-12-01 16:47:00+00:00,EWU follows QQQ,-5,0.3953876606003015
2025-12-01 16:14:00+00:00 → 2025-12-01 16:47:00+00:00,XLK follows QQQ,0,0.9735996187671402
2025-12-01 16:15:00+00:00 → 2025-12-01 16:48:00+00:00,EWJ follows QQQ,0,0.7262470513614795
2025-12-01 16:15:00+00:00 → 2025-12-01 16:48:00+00:00,EWT follows QQQ,0,0.8295250766073036
2025-12-01 16:15:00+00:00 → 2025-12-01 16:48:00+00:00,EWC follows QQQ,0,0.5704062743491761
2025-12-01 16:15:00+00:00 → 2025-12-01 16:48:00+00:00,EWU follows QQQ,-5,0.3598237174712511
2025-12-01 16:15:00+00:00 → 2025-12-01 16:48:00+00:00,XLK follows QQQ,0,0.968998543047451
2025-12-01 16:16:00+00:00 → 2025-12-01 16:49:00+00:00,EWJ follows QQQ,0,0.7538225087754965
2025-12-01 16:16:00+00:00 → 2025-12-01 16:49:00+00:00,EWT follows QQQ,0,0.8013632268858435
2025-12-01 16:16:00+00:00 → 2025-12-01 16:49:00+00:00,EWC follows QQQ,0,0.5350008683108146
2025-12-01 16:16:00+00:00 → 2025-12-01 16:49:00+00:00,EWU follows QQQ,0,0.38169411807285786
2025-12-01 16:16:00+00:00 → 2025-12-01 16:49:00+00:00,XLK follows QQQ,0,0.968743062041873
2025-12-01 16:17:00+00:00 → 2025-12-01 16:50:00+00:00,EWJ follows QQQ,0,0.7571963045085558
2025-12-01 16:17:00+00:00 → 2025-12-01 16:50:00+00:00,EWT follows QQQ,0,0.7985840768426852
2025-12-01 16:17:00+00:00 → 2025-12-01 16:50:00+00:00,EWC follows QQQ,0,0.5337075925255198
2025-12-01 16:17:00+00:00 → 2025-12-01 16:50:00+00:00,EWU follows QQQ,0,0.35454131300120184
2025-12-01 16:17:00+00:00 → 2025-12-01 16:50:00+00:00,XLK follows QQQ,0,0.9674812548398831
2025-12-01 16:18:00+00:00 → 2025-12-01 16:53:00+00:00,EWJ follows QQQ,0,0.7688149504998439
2025-12-01 16:18:00+00:00 → 2025-12-01 16:53:00+00:00,EWT follows QQQ,0,0.7970118328803406
2025-12-01 16:18:00+00:00 → 2025-12-01 16:53:00+00:00,EWC follows QQQ,0,0.5426782088268463
2025-12-01 16:18:00+00:00 → 2025-12-01 16:53:00+00:00,EWU follows QQQ,0,0.36030185315619484
2025-12-01 16:18:00+00:00 → 2025-12-01 16:53:00+00:00,XLK follows QQQ,0,0.9678530128129077
2025-12-01 16:19:00+00:00 → 2025-12-01 16:56:00+00:00,EWJ follows QQQ,0,0.7559274599141608
2025-12-01 16:19:00+00:00 → 2025-12-01 16:56:00+00:00,EWT follows QQQ,0,0.7741996580593967
2025-12-01 16:19:00+00:00 → 2025-12-01 16:56:00+00:00,EWC follows QQQ,0,0.5238443492158646
2025-12-01 16:19:00+00:00 → 2025-12-01 16:56:00+00:00,EWU follows QQQ,0,0.49995706876433244
2025-12-01 16:19:00+00:00 → 2025-12-01 16:56:00+00:00,XLK follows QQQ,0,0.9616488431818759
2025-12-01 16:20:00+00:00 → 2025-12-01 16:57:00+00:00,EWJ follows QQQ,0,0.7334247890589743
2025-12-01 16:20:00+00:00 → 2025-12-01 16:57:00+00:00,EWT follows QQQ,0,0.7672287209146081
2025-12-01 16:20:00+00:00 → 2025-12-01 16:57:00+00:00,EWC follows QQQ,0,0.513073277558306
2025-12-01 16:20:00+00:00 → 2025-12-01 16:57:00+00:00,EWU follows QQQ,0,0.4439250880076459
2025-12-01 16:20:00+00:00 → 2025-12-01 16:57:00+00:00,XLK follows QQQ,0,0.953512835014061
2025-12-01 16:21:00+00:00 → 2025-12-01 16:58:00+00:00,EWJ follows QQQ,0,0.6373800794685683
2025-12-01 16:21:00+00:00 → 2025-12-01 16:58:00+00:00,EWT follows QQQ,0,0.6965859633635185
2025-12-01 16:21:00+00:00 → 2025-12-01 16:58:00+00:00,EWC follows QQQ,0,0.4697141608992413
2025-12-01 16:21:00+00:00 → 2025-12-01 16:58:00+00:00,EWU follows QQQ,0,0.359022778236127
2025-12-01 16:21:00+00:00 → 2025-12-01 16:58:00+00:00,XLK follows QQQ,0,0.9346888166978226
2025-12-01 16:22:00+00:00 → 2025-12-01 16:59:00+00:00,EWJ follows QQQ,0,0.6402200294717785
2025-12-01 16:22:00+00:00 → 2025-12-01 16:59:00+00:00,EWT follows QQQ,0,0.7073392875199198
2025-12-01 16:22:00+00:00 → 2025-12-01 16:59:00+00:00,EWC follows QQQ,0,0.46379671177063986
2025-12-01 16:22:00+00:00 → 2025-12-01 16:59:00+00:00,EWU follows QQQ,0,0.34595698523742613
2025-12-01 16:22:00+00:00 → 2025-12-01 16:59:00+00:00,XLK follows QQQ,0,0.9356854862041726
2025-12-01 16:23:00+00:00 → 2025-12-01 17:00:00+00:00,EWJ follows QQQ,0,0.643142688269451
2025-12-01 16:23:00+00:00 → 2025-12-01 17:00:00+00:00,EWT follows QQQ,0,0.7028884351719701
2025-12-01 16:23:00+00:00 → 2025-12-01 17:00:00+00:00,EWC follows QQQ,0,0.46889543603464645
2025-12-01 16:23:00+00:00 → 2025-12-01 17:00:00+00:00,EWU follows QQQ,0,0.40729250782400517
2025-12-01 16:23:00+00:00 → 2025-12-01 17:00:00+00:00,XLK follows QQQ,0,0.9389891236399447
2025-12-01 16:24:00+00:00 → 2025-12-01 17:01:00+00:00,EWJ follows QQQ,0,0.6033794781760862
2025-12-01 16:24:00+00:00 → 2025-12-01 17:01:00+00:00,EWT follows QQQ,0,0.6925707584834038
2025-12-01 16:24:00+00:00 → 2025-12-01 17:01:00+00:00,EWC follows QQQ,0,0.4674359630892305
2025-12-01 16:24:00+00:00 → 2025-12-01 17:01:00+00:00,EWU follows QQQ,0,0.4188442869065981
2025-12-01 16:24:00+00:00 → 2025-12-01 17:01:00+00:00,XLK follows QQQ,0,0.9366848430998042
2025-12-01 16:25:00+00:00 → 2025-12-01 17:02:00+00:00,EWJ follows QQQ,0,0.6398013582731853
2025-12-01 16:25:00+00:00 → 2025-12-01 17:02:00+00:00,EWT follows QQQ,0,0.7365207708057743
2025-12-01 16:25:00+00:00 → 2025-12-01 17:02:00+00:00,EWC follows QQQ,0,0.47856677480404014
2025-12-01 16:25:00+00:00 → 2025-12-01 17:02:00+00:00,EWU follows QQQ,0,0.4090743585184841
2025-12-01 16:25:00+00:00 → 2025-12-01 17:02:00+00:00,XLK follows QQQ,0,0.9437559459427244
2025-12-01 16:26:00+00:00 → 2025-12-01 17:03:00+00:00,EWJ follows QQQ,0,0.6201311796947573
2025-12-01 16:26:00+00:00 → 2025-12-01 17:03:00+00:00,EWT follows QQQ,0,0.7277470668087896
2025-12-01 16:26:00+00:00 → 2025-12-01 17:03:00+00:00,EWC follows QQQ,0,0.4477412665685964
2025-12-01 16:26:00+00:00 → 2025-12-01 17:03:00+00:00,EWU follows QQQ,0,0.41535812594826665
2025-12-01 16:26:00+00:00 → 2025-12-01 17:03:00+00:00,XLK follows QQQ,0,0.943424247232384
2025-12-01 16:27:00+00:00 → 2025-12-01 17:04:00+00:00,EWJ follows QQQ,0,0.6861390820967638
2025-12-01 16:27:00+00:00 → 2025-12-01 17:04:00+00:00,EWT follows QQQ,0,0.8051286803551909
2025-12-01 16:27:00+00:00 → 2025-12-01 17:04:00+00:00,EWC follows QQQ,0,0.45763027382069643
2025-12-01 16:27:00+00:00 → 2025-12-01 17:04:00+00:00,EWU follows QQQ,0,0.4555077942470541
2025-12-01 16:27:00+00:00 → 2025-12-01 17:04:00+00:00,XLK follows QQQ,0,0.950716284760891
2025-12-01 16:28:00+00:00 → 2025-12-01 17:05:00+00:00,EWJ follows QQQ,0,0.6430503231222704
2025-12-01 16:28:00+00:00 → 2025-12-01 17:05:00+00:00,EWT follows QQQ,0,0.8427856535209318
2025-12-01 16:28:00+00:00 → 2025-12-01 17:05:00+00:00,EWC follows QQQ,0,0.4792044255131875
2025-12-01 16:28:00+00:00 → 2025-12-01 17:05:00+00:00,EWU follows QQQ,0,0.45102213784735506
2025-12-01 16:28:00+00:00 → 2025-12-01 17:05:00+00:00,XLK follows QQQ,0,0.9490746078420733
2025-12-01 16:29:00+00:00 → 2025-12-01 17:08:00+00:00,EWJ follows QQQ,0,0.6536696308726824
2025-12-01 16:29:00+00:00 → 2025-12-01 17:08:00+00:00,EWT follows QQQ,0,0.8443405940379397
2025-12-01 16:29:00+00:00 → 2025-12-01 17:08:00+00:00,EWC follows QQQ,0,0.48534624183395747
2025-12-01 16:29:00+00:00 → 2025-12-01 17:08:00+00:00,EWU follows QQQ,0,0.43572953659345687
2025-12-01 16:29:00+00:00 → 2025-12-01 17:08:00+00:00,XLK follows QQQ,0,0.9521243737227716
2025-12-01 16:30:00+00:00 → 2025-12-01 17:09:00+00:00,EWJ follows QQQ,0,0.6616466564069231
2025-12-01 16:30:00+00:00 → 2025-12-01 17:09:00+00:00,EWT follows QQQ,0,0.8328661007622423
2025-12-01 16:30:00+00:00 → 2025-12-01 17:09:00+00:00,EWC follows QQQ,0,0.5113007420184373
2025-12-01 16:30:00+00:00 → 2025-12-01 17:09:00+00:00,EWU follows QQQ,0,0.4289601379154979
2025-12-01 16:30:00+00:00 → 2025-12-01 17:09:00+00:00,XLK follows QQQ,0,0.9532614604046479
2025-12-01 16:33:00+00:00 → 2025-12-01 17:10:00+00:00,EWJ follows QQQ,0,0.6440165682874032
2025-12-01 16:33:00+00:00 → 2025-12-01 17:10:00+00:00,EWT follows QQQ,0,0.8172598204200413
2025-12-01 16:33:00+00:00 → 2025-12-01 17:10:00+00:00,EWC follows QQQ,0,0.509897797191019
2025-12-01 16:33:00+00:00 → 2025-12-01 17:10:00+00:00,EWU follows QQQ,0,0.41591707779954834
2025-12-01 16:33:00+00:00 → 2025-12-01 17:10:00+00:00,XLK follows QQQ,0,0.9477676574980451
2025-12-01 16:34:00+00:00 → 2025-12-01 17:11:00+00:00,EWJ follows QQQ,0,0.6614582585547496
2025-12-01 16:34:00+00:00 → 2025-12-01 17:11:00+00:00,EWT follows QQQ,0,0.8246789923425059
2025-12-01 16:34:00+00:00 → 2025-12-01 17:11:00+00:00,EWC follows QQQ,0,0.537024433439021
2025-12-01 16:34:00+00:00 → 2025-12-01 17:11:00+00:00,EWU follows QQQ,0,0.43965983041639733
2025-12-01 16:34:00+00:00 → 2025-12-01 17:11:00+00:00,XLK follows QQQ,0,0.9510606123571625
2025-12-01 16:35:00+00:00 → 2025-12-01 17:12:00+00:00,EWJ follows QQQ,0,0.6569855081935284
2025-12-01 16:35:00+00:00 → 2025-12-01 17:12:00+00:00,EWT follows QQQ,0,0.8228011610489416
2025-12-01 16:35:00+00:00 → 2025-12-01 17:12:00+00:00,EWC follows QQQ,0,0.5761887817708554
2025-12-01 16:35:00+00:00 → 2025-12-01 17:12:00+00:00,EWU follows QQQ,0,0.5184945443000369
2025-12-01 16:35:00+00:00 → 2025-12-01 17:12:00+00:00,XLK follows QQQ,0,0.9476112282644525
2025-12-01 16:36:00+00:00 → 2025-12-01 17:13:00+00:00,EWJ follows QQQ,0,0.674900141607775
2025-12-01 16:36:00+00:00 → 2025-12-01 17:13:00+00:00,EWT follows QQQ,0,0.8181641301502943
2025-12-01 16:36:00+00:00 → 2025-12-01 17:13:00+00:00,EWC follows QQQ,0,0.58809093067037
2025-12-01 16:36:00+00:00 → 2025-12-01 17:13:00+00:00,EWU follows QQQ,0,0.5365443822637447
2025-12-01 16:36:00+00:00 → 2025-12-01 17:13:00+00:00,XLK follows QQQ,0,0.9479814033520418
2025-12-01 16:37:00+00:00 → 2025-12-01 17:14:00+00:00,EWJ follows QQQ,0,0.6835127696470595
2025-12-01 16:37:00+00:00 → 2025-12-01 17:14:00+00:00,EWT follows QQQ,0,0.8220670136504773
2025-12-01 16:37:00+00:00 → 2025-12-01 17:14:00+00:00,EWC follows QQQ,0,0.6346084334790616
2025-12-01 16:37:00+00:00 → 2025-12-01 17:14:00+00:00,EWU follows QQQ,0,0.563240529701567
2025-12-01 16:37:00+00:00 → 2025-12-01 17:14:00+00:00,XLK follows QQQ,0,0.9500291256704761
2025-12-01 16:38:00+00:00 → 2025-12-01 17:15:00+00:00,EWJ follows QQQ,0,0.7201179903553816
2025-12-01 16:38:00+00:00 → 2025-12-01 17:15:00+00:00,EWT follows QQQ,0,0.844383812580184
2025-12-01 16:38:00+00:00 → 2025-12-01 17:15:00+00:00,EWC follows QQQ,0,0.6992554082478057
2025-12-01 16:38:00+00:00 → 2025-12-01 17:15:00+00:00,EWU follows QQQ,0,0.6128861942728591
2025-12-01 16:38:00+00:00 → 2025-12-01 17:15:00+00:00,XLK follows QQQ,0,0.956613840190749
2025-12-01 16:39:00+00:00 → 2025-12-01 17:16:00+00:00,EWJ follows QQQ,0,0.7917060666222998
2025-12-01 16:39:00+00:00 → 2025-12-01 17:16:00+00:00,EWT follows QQQ,0,0.8542732991732258
2025-12-01 16:39:00+00:00 → 2025-12-01 17:16:00+00:00,EWC follows QQQ,0,0.7421064966073783
2025-12-01 16:39:00+00:00 → 2025-12-01 17:16:00+00:00,EWU follows QQQ,0,0.6518395592492374
2025-12-01 16:39:00+00:00 → 2025-12-01 17:16:00+00:00,XLK follows QQQ,0,0.9530947177448306
2025-12-01 16:40:00+00:00 → 2025-12-01 17:17:00+00:00,EWJ follows QQQ,0,0.7978385386594143
2025-12-01 16:40:00+00:00 → 2025-12-01 17:17:00+00:00,EWT follows QQQ,0,0.8782387790470154
2025-12-01 16:40:00+00:00 → 2025-12-01 17:17:00+00:00,EWC follows QQQ,0,0.7799655477487821
2025-12-01 16:40:00+00:00 → 2025-12-01 17:17:00+00:00,EWU follows QQQ,0,0.6364221259611936
2025-12-01 16:40:00+00:00 → 2025-12-01 17:17:00+00:00,XLK follows QQQ,0,0.9512815834985796
2025-12-01 16:41:00+00:00 → 2025-12-01 17:18:00+00:00,EWJ follows QQQ,0,0.7885218127403918
2025-12-01 16:41:00+00:00 → 2025-12-01 17:18:00+00:00,EWT follows QQQ,0,0.8745660821825926
2025-12-01 16:41:00+00:00 → 2025-12-01 17:18:00+00:00,EWC follows QQQ,0,0.7723825406405855
2025-12-01 16:41:00+00:00 → 2025-12-01 17:18:00+00:00,EWU follows QQQ,0,0.6377217130419892
2025-12-01 16:41:00+00:00 → 2025-12-01 17:18:00+00:00,XLK follows QQQ,0,0.9507578567284916
2025-12-01 16:42:00+00:00 → 2025-12-01 17:19:00+00:00,EWJ follows QQQ,0,0.8018342516381984
2025-12-01 16:42:00+00:00 → 2025-12-01 17:19:00+00:00,EWT follows QQQ,0,0.8771003561332815
2025-12-01 16:42:00+00:00 → 2025-12-01 17:19:00+00:00,EWC follows QQQ,0,0.773585359629891
2025-12-01 16:42:00+00:00 → 2025-12-01 17:19:00+00:00,EWU follows QQQ,0,0.6401183217815939
2025-12-01 16:42:00+00:00 → 2025-12-01 17:19:00+00:00,XLK follows QQQ,0,0.9508473043915582
2025-12-01 16:45:00+00:00 → 2025-12-01 17:20:00+00:00,EWJ follows QQQ,0,0.7675573653563623
2025-12-01 16:45:00+00:00 → 2025-12-01 17:20:00+00:00,EWT follows QQQ,0,0.8498329343214625
2025-12-01 16:45:00+00:00 → 2025-12-01 17:20:00+00:00,EWC follows QQQ,0,0.7280378137859683
2025-12-01 16:45:00+00:00 → 2025-12-01 17:20:00+00:00,EWU follows QQQ,0,0.5542565009449146
2025-12-01 16:45:00+00:00 → 2025-12-01 17:20:00+00:00,XLK follows QQQ,0,0.9558020630511838
2025-12-01 16:46:00+00:00 → 2025-12-01 17:21:00+00:00,EWJ follows QQQ,0,0.7767858642034167
2025-12-01 16:46:00+00:00 → 2025-12-01 17:21:00+00:00,EWT follows QQQ,0,0.8571059694875957
2025-12-01 16:46:00+00:00 → 2025-12-01 17:21:00+00:00,EWC follows QQQ,0,0.7210508751583977
2025-12-01 16:46:00+00:00 → 2025-12-01 17:21:00+00:00,EWU follows QQQ,0,0.5850593172355704
2025-12-01 16:46:00+00:00 → 2025-12-01 17:21:00+00:00,XLK follows QQQ,0,0.9602231832124493
2025-12-01 16:47:00+00:00 → 2025-12-01 17:22:00+00:00,EWJ follows QQQ,0,0.7757786039039325
2025-12-01 16:47:00+00:00 → 2025-12-01 17:22:00+00:00,EWT follows QQQ,0,0.8530118484816803
2025-12-01 16:47:00+00:00 → 2025-12-01 17:22:00+00:00,EWC follows QQQ,0,0.7093757231102412
2025-12-01 16:47:00+00:00 → 2025-12-01 17:22:00+00:00,EWU follows QQQ,0,0.5787478898003692
2025-12-01 16:47:00+00:00 → 2025-12-01 17:22:00+00:00,XLK follows QQQ,0,0.9568324440939124
2025-12-01 16:48:00+00:00 → 2025-12-01 17:23:00+00:00,EWJ follows QQQ,0,0.7887003349871671
2025-12-01 16:48:00+00:00 → 2025-12-01 17:23:00+00:00,EWT follows QQQ,0,0.8575617934886501
2025-12-01 16:48:00+00:00 → 2025-12-01 17:23:00+00:00,EWC follows QQQ,0,0.7104462566495652
2025-12-01 16:48:00+00:00 → 2025-12-01 17:23:00+00:00,EWU follows QQQ,5,0.5949184517737147
2025-12-01 16:48:00+00:00 → 2025-12-01 17:23:00+00:00,XLK follows QQQ,0,0.9599766855459114
2025-12-01 16:49:00+00:00 → 2025-12-01 17:24:00+00:00,EWJ follows QQQ,0,0.8012218297928922
2025-12-01 16:49:00+00:00 → 2025-12-01 17:24:00+00:00,EWT follows QQQ,0,0.8638617921074162
2025-12-01 16:49:00+00:00 → 2025-12-01 17:24:00+00:00,EWC follows QQQ,0,0.7119365155617919
2025-12-01 16:49:00+00:00 → 2025-12-01 17:24:00+00:00,EWU follows QQQ,5,0.5892627096057905
2025-12-01 16:49:00+00:00 → 2025-12-01 17:24:00+00:00,XLK follows QQQ,0,0.9621047904775124
2025-12-01 16:50:00+00:00 → 2025-12-01 17:27:00+00:00,EWJ follows QQQ,0,0.7985747813240904
2025-12-01 16:50:00+00:00 → 2025-12-01 17:27:00+00:00,EWT follows QQQ,0,0.8591720407315883
2025-12-01 16:50:00+00:00 → 2025-12-01 17:27:00+00:00,EWC follows QQQ,0,0.7122116643121489
2025-12-01 16:50:00+00:00 → 2025-12-01 17:27:00+00:00,EWU follows QQQ,0,0.596643303489931
2025-12-01 16:50:00+00:00 → 2025-12-01 17:27:00+00:00,XLK follows QQQ,0,0.9578925630628226
2025-12-01 16:53:00+00:00 → 2025-12-01 17:28:00+00:00,EWJ follows QQQ,0,0.7981890875759622
2025-12-01 16:53:00+00:00 → 2025-12-01 17:28:00+00:00,EWT follows QQQ,0,0.8457935996059389
2025-12-01 16:53:00+00:00 → 2025-12-01 17:28:00+00:00,EWC follows QQQ,0,0.7166584860370063
2025-12-01 16:53:00+00:00 → 2025-12-01 17:28:00+00:00,EWU follows QQQ,0,0.6237493661501422
2025-12-01 16:53:00+00:00 → 2025-12-01 17:28:00+00:00,XLK follows QQQ,0,0.9522258125363015
2025-12-01 16:56:00+00:00 → 2025-12-01 17:29:00+00:00,EWJ follows QQQ,0,0.7974204993159721
2025-12-01 16:56:00+00:00 → 2025-12-01 17:29:00+00:00,EWT follows QQQ,0,0.8548655915115522
2025-12-01 16:56:00+00:00 → 2025-12-01 17:29:00+00:00,EWC follows QQQ,0,0.7197757742567372
2025-12-01 16:56:00+00:00 → 2025-12-01 17:29:00+00:00,EWU follows QQQ,5,0.7037690317152688
2025-12-01 16:56:00+00:00 → 2025-12-01 17:29:00+00:00,XLK follows QQQ,0,0.9518738571680436
2025-12-01 16:57:00+00:00 → 2025-12-01 17:30:00+00:00,EWJ follows QQQ,0,0.792506534084778
2025-12-01 16:57:00+00:00 → 2025-12-01 17:30:00+00:00,EWT follows QQQ,0,0.8270821539237674
2025-12-01 16:57:00+00:00 → 2025-12-01 17:30:00+00:00,EWC follows QQQ,0,0.7288680843480955
2025-12-01 16:57:00+00:00 → 2025-12-01 17:30:00+00:00,EWU follows QQQ,5,0.6703933472209631
2025-12-01 16:57:00+00:00 → 2025-12-01 17:30:00+00:00,XLK follows QQQ,0,0.9527249774052123
2025-12-01 16:58:00+00:00 → 2025-12-01 17:31:00+00:00,EWJ follows QQQ,0,0.7963849960708694
2025-12-01 16:58:00+00:00 → 2025-12-01 17:31:00+00:00,EWT follows QQQ,0,0.8017375674393236
2025-12-01 16:58:00+00:00 → 2025-12-01 17:31:00+00:00,EWC follows QQQ,0,0.735065797584747
2025-12-01 16:58:00+00:00 → 2025-12-01 17:31:00+00:00,EWU follows QQQ,5,0.6892104009524428
2025-12-01 16:58:00+00:00 → 2025-12-01 17:31:00+00:00,XLK follows QQQ,0,0.9547946823026594
2025-12-01 16:59:00+00:00 → 2025-12-01 17:32:00+00:00,EWJ follows QQQ,0,0.8067424356287651
2025-12-01 16:59:00+00:00 → 2025-12-01 17:32:00+00:00,EWT follows QQQ,0,0.7938892353758396
2025-12-01 16:59:00+00:00 → 2025-12-01 17:32:00+00:00,EWC follows QQQ,0,0.7841616564571325
2025-12-01 16:59:00+00:00 → 2025-12-01 17:32:00+00:00,EWU follows QQQ,5,0.68455652023645
2025-12-01 16:59:00+00:00 → 2025-12-01 17:32:00+00:00,XLK follows QQQ,0,0.9589736977260331
2025-12-01 17:00:00+00:00 → 2025-12-01 17:33:00+00:00,EWJ follows QQQ,0,0.8069992098133013
2025-12-01 17:00:00+00:00 → 2025-12-01 17:33:00+00:00,EWT follows QQQ,0,0.7877819000942076
2025-12-01 17:00:00+00:00 → 2025-12-01 17:33:00+00:00,EWC follows QQQ,0,0.7911568661125996
2025-12-01 17:00:00+00:00 → 2025-12-01 17:33:00+00:00,EWU follows QQQ,5,0.6758591428490086
2025-12-01 17:00:00+00:00 → 2025-12-01 17:33:00+00:00,XLK follows QQQ,0,0.9574286145063814
2025-12-01 17:01:00+00:00 → 2025-12-01 17:34:00+00:00,EWJ follows QQQ,0,0.8009099311332414
2025-12-01 17:01:00+00:00 → 2025-12-01 17:34:00+00:00,EWT follows QQQ,0,0.790785114719054
2025-12-01 17:01:00+00:00 → 2025-12-01 17:34:00+00:00,EWC follows QQQ,0,0.7855287407122029
2025-12-01 17:01:00+00:00 → 2025-12-01 17:34:00+00:00,EWU follows QQQ,5,0.6565271386076388
2025-12-01 17:01:00+00:00 → 2025-12-01 17:34:00+00:00,XLK follows QQQ,0,0.9533081615034478
2025-12-01 17:02:00+00:00 → 2025-12-01 17:35:00+00:00,EWJ follows QQQ,0,0.7964501210194502
2025-12-01 17:02:00+00:00 → 2025-12-01 17:35:00+00:00,EWT follows QQQ,0,0.7922418344551743
2025-12-01 17:02:00+00:00 → 2025-12-01 17:35:00+00:00,EWC follows QQQ,0,0.7767894513638356
2025-12-01 17:02:00+00:00 → 2025-12-01 17:35:00+00:00,EWU follows QQQ,5,0.6819652381397338
2025-12-01 17:02:00+00:00 → 2025-12-01 17:35:00+00:00,XLK follows QQQ,0,0.9549219297522086
2025-12-01 17:03:00+00:00 → 2025-12-01 17:36:00+00:00,EWJ follows QQQ,0,0.7965925218077828
2025-12-01 17:03:00+00:00 → 2025-12-01 17:36:00+00:00,EWT follows QQQ,0,0.7579577396906334
2025-12-01 17:03:00+00:00 → 2025-12-01 17:36:00+00:00,EWC follows QQQ,0,0.7822323201330743
2025-12-01 17:03:00+00:00 → 2025-12-01 17:36:00+00:00,EWU follows QQQ,5,0.6990994034184488
2025-12-01 17:03:00+00:00 → 2025-12-01 17:36:00+00:00,XLK follows QQQ,0,0.9547424306470901
2025-12-01 17:04:00+00:00 → 2025-12-01 17:37:00+00:00,EWJ follows QQQ,0,0.816136652513821
2025-12-01 17:04:00+00:00 → 2025-12-01 17:37:00+00:00,EWT follows QQQ,0,0.7606870486765284
2025-12-01 17:04:00+00:00 → 2025-12-01 17:37:00+00:00,EWC follows QQQ,0,0.7765487801942679
2025-12-01 17:04:00+00:00 → 2025-12-01 17:37:00+00:00,EWU follows QQQ,5,0.6892853198080455
2025-12-01 17:04:00+00:00 → 2025-12-01 17:37:00+00:00,XLK follows QQQ,0,0.954387889750317
2025-12-01 17:05:00+00:00 → 2025-12-01 17:38:00+00:00,EWJ follows QQQ,0,0.8020485530686742
2025-12-01 17:05:00+00:00 → 2025-12-01 17:38:00+00:00,EWT follows QQQ,0,0.7606117691631812
2025-12-01 17:05:00+00:00 → 2025-12-01 17:38:00+00:00,EWC follows QQQ,0,0.7807796957436653
2025-12-01 17:05:00+00:00 → 2025-12-01 17:38:00+00:00,EWU follows QQQ,5,0.6731781336714503
2025-12-01 17:05:00+00:00 → 2025-12-01 17:38:00+00:00,XLK follows QQQ,0,0.9551873065419043
2025-12-01 17:08:00+00:00 → 2025-12-01 17:39:00+00:00,EWJ follows QQQ,0,0.8233030626263566
2025-12-01 17:08:00+00:00 → 2025-12-01 17:39:00+00:00,EWT follows QQQ,0,0.7630312252641033
2025-12-01 17:08:00+00:00 → 2025-12-01 17:39:00+00:00,EWC follows QQQ,0,0.7756455681366103
2025-12-01 17:08:00+00:00 → 2025-12-01 17:39:00+00:00,EWU follows QQQ,5,0.6616678185517854
2025-12-01 17:08:00+00:00 → 2025-12-01 17:39:00+00:00,XLK follows QQQ,0,0.9552957669098586
2025-12-01 17:09:00+00:00 → 2025-12-01 17:40:00+00:00,EWJ follows QQQ,0,0.8302797953339462
2025-12-01 17:09:00+00:00 → 2025-12-01 17:40:00+00:00,EWT follows QQQ,0,0.7009912505444909
2025-12-01 17:09:00+00:00 → 2025-12-01 17:40:00+00:00,EWC follows QQQ,0,0.7690136534453228
2025-12-01 17:09:00+00:00 → 2025-12-01 17:40:00+00:00,EWU follows QQQ,5,0.6458000635167466
2025-12-01 17:09:00+00:00 → 2025-12-01 17:40:00+00:00,XLK follows QQQ,0,0.9542234417052919
2025-12-01 17:10:00+00:00 → 2025-12-01 17:41:00+00:00,EWJ follows QQQ,0,0.8263247869952826
2025-12-01 17:10:00+00:00 → 2025-12-01 17:41:00+00:00,EWT follows QQQ,0,0.7132060606869939
2025-12-01 17:10:00+00:00 → 2025-12-01 17:41:00+00:00,EWC follows QQQ,0,0.763757627790147
2025-12-01 17:10:00+00:00 → 2025-12-01 17:41:00+00:00,EWU follows QQQ,5,0.6498151041734617
2025-12-01 17:10:00+00:00 → 2025-12-01 17:41:00+00:00,XLK follows QQQ,0,0.9529108298196378
2025-12-01 17:11:00+00:00 → 2025-12-01 17:42:00+00:00,EWJ follows QQQ,0,0.8355653005035258
2025-12-01 17:11:00+00:00 → 2025-12-01 17:42:00+00:00,EWT follows QQQ,0,0.7187318940627072
2025-12-01 17:11:00+00:00 → 2025-12-01 17:42:00+00:00,EWC follows QQQ,0,0.7657882172957209
2025-12-01 17:11:00+00:00 → 2025-12-01 17:42:00+00:00,EWU follows QQQ,5,0.7101333390751411
2025-12-01 17:11:00+00:00 → 2025-12-01 17:42:00+00:00,XLK follows QQQ,0,0.9556723621962432
2025-12-01 17:12:00+00:00 → 2025-12-01 17:43:00+00:00,EWJ follows QQQ,0,0.8265508943906698
2025-12-01 17:12:00+00:00 → 2025-12-01 17:43:00+00:00,EWT follows QQQ,0,0.707963176509884
2025-12-01 17:12:00+00:00 → 2025-12-01 17:43:00+00:00,EWC follows QQQ,0,0.7468198185395135
2025-12-01 17:12:00+00:00 → 2025-12-01 17:43:00+00:00,EWU follows QQQ,5,0.7076207657233331
2025-12-01 17:12:00+00:00 → 2025-12-01 17:43:00+00:00,XLK follows QQQ,0,0.9541976673342308
2025-12-01 17:13:00+00:00 → 2025-12-01 17:46:00+00:00,EWJ follows QQQ,0,0.8279804352059932
2025-12-01 17:13:00+00:00 → 2025-12-01 17:46:00+00:00,EWT follows QQQ,0,0.6987426672939746
2025-12-01 17:13:00+00:00 → 2025-12-01 17:46:00+00:00,EWC follows QQQ,0,0.733236135271054
2025-12-01 17:13:00+00:00 → 2025-12-01 17:46:00+00:00,EWU follows QQQ,5,0.7120672461581993
2025-12-01 17:13:00+00:00 → 2025-12-01 17:46:00+00:00,XLK follows QQQ,0,0.9525315480278309
2025-12-01 17:14:00+00:00 → 2025-12-01 17:51:00+00:00,EWJ follows QQQ,0,0.8297515022556966
2025-12-01 17:14:00+00:00 → 2025-12-01 17:51:00+00:00,EWT follows QQQ,0,0.6875182710989808
2025-12-01 17:14:00+00:00 → 2025-12-01 17:51:00+00:00,EWC follows QQQ,0,0.7284604815254758
2025-12-01 17:14:00+00:00 → 2025-12-01 17:51:00+00:00,EWU follows QQQ,5,0.6964530704825465
2025-12-01 17:14:00+00:00 → 2025-12-01 17:51:00+00:00,XLK follows QQQ,0,0.9523702917763561
2025-12-01 17:15:00+00:00 → 2025-12-01 17:52:00+00:00,EWJ follows QQQ,0,0.8211022137621118
2025-12-01 17:15:00+00:00 → 2025-12-01 17:52:00+00:00,EWT follows QQQ,0,0.6837089489621512
2025-12-01 17:15:00+00:00 → 2025-12-01 17:52:00+00:00,EWC follows QQQ,0,0.7085606327375388
2025-12-01 17:15:00+00:00 → 2025-12-01 17:52:00+00:00,EWU follows QQQ,5,0.6848217711435933
2025-12-01 17:15:00+00:00 → 2025-12-01 17:52:00+00:00,XLK follows QQQ,0,0.9491747963759538
2025-12-01 17:16:00+00:00 → 2025-12-01 17:53:00+00:00,EWJ follows QQQ,0,0.7677346957759319
2025-12-01 17:16:00+00:00 → 2025-12-01 17:53:00+00:00,EWT follows QQQ,0,0.5706991021985924
2025-12-01 17:16:00+00:00 → 2025-12-01 17:53:00+00:00,EWC follows QQQ,0,0.5569445190915918
2025-12-01 17:16:00+00:00 → 2025-12-01 17:53:00+00:00,EWU follows QQQ,5,0.5751870602700133
2025-12-01 17:16:00+00:00 → 2025-12-01 17:53:00+00:00,XLK follows QQQ,0,0.9370382512629948
2025-12-01 17:17:00+00:00 → 2025-12-01 17:54:00+00:00,EWJ follows QQQ,0,0.7440797586259404
2025-12-01 17:17:00+00:00 → 2025-12-01 17:54:00+00:00,EWT follows QQQ,0,0.5277085994255493
2025-12-01 17:17:00+00:00 → 2025-12-01 17:54:00+00:00,EWC follows QQQ,0,0.5009616151979529
2025-12-01 17:17:00+00:00 → 2025-12-01 17:54:00+00:00,EWU follows QQQ,5,0.5333279609384375
2025-12-01 17:17:00+00:00 → 2025-12-01 17:54:00+00:00,XLK follows QQQ,0,0.9346932333936299
2025-12-01 17:18:00+00:00 → 2025-12-01 17:55:00+00:00,EWJ follows QQQ,0,0.7481521009970566
2025-12-01 17:18:00+00:00 → 2025-12-01 17:55:00+00:00,EWT follows QQQ,0,0.5256428410167716
2025-12-01 17:18:00+00:00 → 2025-12-01 17:55:00+00:00,EWC follows QQQ,0,0.5051534292223991
2025-12-01 17:18:00+00:00 → 2025-12-01 17:55:00+00:00,EWU follows QQQ,5,0.5469586074860243
2025-12-01 17:18:00+00:00 → 2025-12-01 17:55:00+00:00,XLK follows QQQ,0,0.9348152121360083
2025-12-01 17:19:00+00:00 → 2025-12-01 17:56:00+00:00,EWJ follows QQQ,0,0.7852564250192717
2025-12-01 17:19:00+00:00 → 2025-12-01 17:56:00+00:00,EWT follows QQQ,0,0.5425508531407326
2025-12-01 17:19:00+00:00 → 2025-12-01 17:56:00+00:00,EWC follows QQQ,0,0.5302587773134423
2025-12-01 17:19:00+00:00 → 2025-12-01 17:56:00+00:00,EWU follows QQQ,5,0.49105027206992846
2025-12-01 17:19:00+00:00 → 2025-12-01 17:56:00+00:00,XLK follows QQQ,0,0.9367715440356879
2025-12-01 17:20:00+00:00 → 2025-12-01 17:57:00+00:00,EWJ follows QQQ,0,0.7811313118343054
2025-12-01 17:20:00+00:00 → 2025-12-01 17:57:00+00:00,EWT follows QQQ,0,0.5434669542276658
2025-12-01 17:20:00+00:00 → 2025-12-01 17:57:00+00:00,EWC follows QQQ,0,0.525006292372983
2025-12-01 17:20:00+00:00 → 2025-12-01 17:57:00+00:00,EWU follows QQQ,5,0.4273237088888172
2025-12-01 17:20:00+00:00 → 2025-12-01 17:57:00+00:00,XLK follows QQQ,0,0.9359994441876396
2025-12-01 17:21:00+00:00 → 2025-12-01 17:58:00+00:00,EWJ follows QQQ,0,0.8063051602749843
2025-12-01 17:21:00+00:00 → 2025-12-01 17:58:00+00:00,EWT follows QQQ,0,0.5598470790360436
2025-12-01 17:21:00+00:00 → 2025-12-01 17:58:00+00:00,EWC follows QQQ,0,0.5214295601862217
2025-12-01 17:21:00+00:00 → 2025-12-01 17:58:00+00:00,EWU follows QQQ,5,0.4164735232003435
2025-12-01 17:21:00+00:00 → 2025-12-01 17:58:00+00:00,XLK follows QQQ,0,0.9329313735338992
2025-12-01 17:22:00+00:00 → 2025-12-01 18:01:00+00:00,EWJ follows QQQ,0,0.7927371457789317
2025-12-01 17:22:00+00:00 → 2025-12-01 18:01:00+00:00,EWT follows QQQ,0,0.5052284840141067
2025-12-01 17:22:00+00:00 → 2025-12-01 18:01:00+00:00,EWC follows QQQ,0,0.4993627239787959
2025-12-01 17:22:00+00:00 → 2025-12-01 18:01:00+00:00,EWU follows QQQ,-4,0.390218716858927
2025-12-01 17:22:00+00:00 → 2025-12-01 18:01:00+00:00,XLK follows QQQ,0,0.9326626208270035
2025-12-01 17:23:00+00:00 → 2025-12-01 18:02:00+00:00,EWJ follows QQQ,0,0.7946138304820259
2025-12-01 17:23:00+00:00 → 2025-12-01 18:02:00+00:00,EWT follows QQQ,0,0.5062178669632899
2025-12-01 17:23:00+00:00 → 2025-12-01 18:02:00+00:00,EWC follows QQQ,0,0.5035283698447655
2025-12-01 17:23:00+00:00 → 2025-12-01 18:02:00+00:00,EWU follows QQQ,-4,0.38931129922339935
2025-12-01 17:23:00+00:00 → 2025-12-01 18:02:00+00:00,XLK follows QQQ,0,0.9309583313561581
2025-12-01 17:24:00+00:00 → 2025-12-01 18:03:00+00:00,EWJ follows QQQ,0,0.7988688197159317
2025-12-01 17:24:00+00:00 → 2025-12-01 18:03:00+00:00,EWT follows QQQ,0,0.43643237076128116
2025-12-01 17:24:00+00:00 → 2025-12-01 18:03:00+00:00,EWC follows QQQ,0,0.49584869897450506
2025-12-01 17:24:00+00:00 → 2025-12-01 18:03:00+00:00,EWU follows QQQ,-4,0.4244455358325806
2025-12-01 17:24:00+00:00 → 2025-12-01 18:03:00+00:00,XLK follows QQQ,0,0.9208347050297923
2025-12-01 17:27:00+00:00 → 2025-12-01 18:04:00+00:00,EWJ follows QQQ,0,0.8025310442145873
2025-12-01 17:27:00+00:00 → 2025-12-01 18:04:00+00:00,EWT follows QQQ,0,0.39602916864626114
2025-12-01 17:27:00+00:00 → 2025-12-01 18:04:00+00:00,EWC follows QQQ,0,0.5123267100208999
2025-12-01 17:27:00+00:00 → 2025-12-01 18:04:00+00:00,EWU follows QQQ,-4,0.45085951111302436
2025-12-01 17:27:00+00:00 → 2025-12-01 18:04:00+00:00,XLK follows QQQ,0,0.9099751450998534
2025-12-01 17:28:00+00:00 → 2025-12-01 18:07:00+00:00,EWJ follows QQQ,0,0.7932470086563557
2025-12-01 17:28:00+00:00 → 2025-12-01 18:07:00+00:00,EWT follows QQQ,0,0.4299369706204589
2025-12-01 17:28:00+00:00 → 2025-12-01 18:07:00+00:00,EWC follows QQQ,0,0.46384231094554546
2025-12-01 17:28:00+00:00 → 2025-12-01 18:07:00+00:00,EWU follows QQQ,-4,0.5089943002617244
2025-12-01 17:28:00+00:00 → 2025-12-01 18:07:00+00:00,XLK follows QQQ,0,0.9209054033077848
2025-12-01 17:29:00+00:00 → 2025-12-01 18:08:00+00:00,EWJ follows QQQ,0,0.7829597325603961
2025-12-01 17:29:00+00:00 → 2025-12-01 18:08:00+00:00,EWT follows QQQ,0,0.4822749065523972
2025-12-01 17:29:00+00:00 → 2025-12-01 18:08:00+00:00,EWC follows QQQ,0,0.48376585917774834
2025-12-01 17:29:00+00:00 → 2025-12-01 18:08:00+00:00,EWU follows QQQ,-4,0.4698707029404262
2025-12-01 17:29:00+00:00 → 2025-12-01 18:08:00+00:00,XLK follows QQQ,0,0.9351983190374324
2025-12-01 17:30:00+00:00 → 2025-12-01 18:09:00+00:00,EWJ follows QQQ,0,0.7712854840887646
2025-12-01 17:30:00+00:00 → 2025-12-01 18:09:00+00:00,EWT follows QQQ,0,0.4650451316035636
2025-12-01 17:30:00+00:00 → 2025-12-01 18:09:00+00:00,EWC follows QQQ,0,0.5067706326867404
2025-12-01 17:30:00+00:00 → 2025-12-01 18:09:00+00:00,EWU follows QQQ,-4,0.44126505751330675
2025-12-01 17:30:00+00:00 → 2025-12-01 18:09:00+00:00,XLK follows QQQ,0,0.937242102601884
2025-12-01 17:31:00+00:00 → 2025-12-01 18:10:00+00:00,EWJ follows QQQ,0,0.7987544044514088
2025-12-01 17:31:00+00:00 → 2025-12-01 18:10:00+00:00,EWT follows QQQ,0,0.4450435778583339
2025-12-01 17:31:00+00:00 → 2025-12-01 18:10:00+00:00,EWC follows QQQ,1,0.49507118155717017
2025-12-01 17:31:00+00:00 → 2025-12-01 18:10:00+00:00,EWU follows QQQ,-4,0.44623608994040465
2025-12-01 17:31:00+00:00 → 2025-12-01 18:10:00+00:00,XLK follows QQQ,0,0.9238374374930292
2025-12-01 17:32:00+00:00 → 2025-12-01 18:11:00+00:00,EWJ follows QQQ,0,0.7928820561857454
2025-12-01 17:32:00+00:00 → 2025-12-01 18:11:00+00:00,EWT follows QQQ,0,0.4848096223514639
2025-12-01 17:32:00+00:00 → 2025-12-01 18:11:00+00:00,EWC follows QQQ,1,0.5087224525969293
2025-12-01 17:32:00+00:00 → 2025-12-01 18:11:00+00:00,EWU follows QQQ,-4,0.3694275708681693
2025-12-01 17:32:00+00:00 → 2025-12-01 18:11:00+00:00,XLK follows QQQ,0,0.9280541392558896
2025-12-01 17:33:00+00:00 → 2025-12-01 18:12:00+00:00,EWJ follows QQQ,0,0.7969728766542062
2025-12-01 17:33:00+00:00 → 2025-12-01 18:12:00+00:00,EWT follows QQQ,0,0.5048712474950355
2025-12-01 17:33:00+00:00 → 2025-12-01 18:12:00+00:00,EWC follows QQQ,1,0.4886968593672113
2025-12-01 17:33:00+00:00 → 2025-12-01 18:12:00+00:00,EWU follows QQQ,-4,0.38223907291494097
2025-12-01 17:33:00+00:00 → 2025-12-01 18:12:00+00:00,XLK follows QQQ,0,0.9258487908717822
2025-12-01 17:34:00+00:00 → 2025-12-01 18:13:00+00:00,EWJ follows QQQ,0,0.7788491874274852
2025-12-01 17:34:00+00:00 → 2025-12-01 18:13:00+00:00,EWT follows QQQ,0,0.4707273483932402
2025-12-01 17:34:00+00:00 → 2025-12-01 18:13:00+00:00,EWC follows QQQ,1,0.49386469393281757
2025-12-01 17:34:00+00:00 → 2025-12-01 18:13:00+00:00,EWU follows QQQ,-4,0.38185376616903177
2025-12-01 17:34:00+00:00 → 2025-12-01 18:13:00+00:00,XLK follows QQQ,0,0.9293612269179111
2025-12-01 17:35:00+00:00 → 2025-12-01 18:16:00+00:00,EWJ follows QQQ,0,0.7984195946676953
2025-12-01 17:35:00+00:00 → 2025-12-01 18:16:00+00:00,EWT follows QQQ,0,0.5062890603862311
2025-12-01 17:35:00+00:00 → 2025-12-01 18:16:00+00:00,EWC follows QQQ,1,0.49717354205444014
2025-12-01 17:35:00+00:00 → 2025-12-01 18:16:00+00:00,EWU follows QQQ,-4,0.44309736878906864
2025-12-01 17:35:00+00:00 → 2025-12-01 18:16:00+00:00,XLK follows QQQ,0,0.9306312732750707
2025-12-01 17:36:00+00:00 → 2025-12-01 18:17:00+00:00,EWJ follows QQQ,0,0.8286572175890258
2025-12-01 17:36:00+00:00 → 2025-12-01 18:17:00+00:00,EWT follows QQQ,0,0.49682397304076475
2025-12-01 17:36:00+00:00 → 2025-12-01 18:17:00+00:00,EWC follows QQQ,1,0.5204154805863861
2025-12-01 17:36:00+00:00 → 2025-12-01 18:17:00+00:00,EWU follows QQQ,0,0.3789828606536685
2025-12-01 17:36:00+00:00 → 2025-12-01 18:17:00+00:00,XLK follows QQQ,0,0.9229755267750058
2025-12-01 17:37:00+00:00 → 2025-12-01 18:18:00+00:00,EWJ follows QQQ,0,0.8131241964021275
2025-12-01 17:37:00+00:00 → 2025-12-01 18:18:00+00:00,EWT follows QQQ,0,0.5125470234166914
2025-12-01 17:37:00+00:00 → 2025-12-01 18:18:00+00:00,EWC follows QQQ,1,0.4689878987679243
2025-12-01 17:37:00+00:00 → 2025-12-01 18:18:00+00:00,EWU follows QQQ,0,0.34644407682104267
2025-12-01 17:37:00+00:00 → 2025-12-01 18:18:00+00:00,XLK follows QQQ,0,0.9148533949905355
2025-12-01 17:38:00+00:00 → 2025-12-01 18:19:00+00:00,EWJ follows QQQ,0,0.797639114112753
2025-12-01 17:38:00+00:00 → 2025-12-01 18:19:00+00:00,EWT follows QQQ,0,0.49909803442535583
2025-12-01 17:38:00+00:00 → 2025-12-01 18:19:00+00:00,EWC follows QQQ,1,0.46395630961217094
2025-12-01 17:38:00+00:00 → 2025-12-01 18:19:00+00:00,EWU follows QQQ,0,0.34651462715604564
2025-12-01 17:38:00+00:00 → 2025-12-01 18:19:00+00:00,XLK follows QQQ,0,0.9033885282710877
2025-12-01 17:39:00+00:00 → 2025-12-01 18:20:00+00:00,EWJ follows QQQ,0,0.78131409547788
2025-12-01 17:39:00+00:00 → 2025-12-01 18:20:00+00:00,EWT follows QQQ,1,0.47325885051829897
2025-12-01 17:39:00+00:00 → 2025-12-01 18:20:00+00:00,EWC follows QQQ,0,0.5131913122875083
2025-12-01 17:39:00+00:00 → 2025-12-01 18:20:00+00:00,EWU follows QQQ,-4,0.32075342787224287
2025-12-01 17:39:00+00:00 → 2025-12-01 18:20:00+00:00,XLK follows QQQ,0,0.9110382019774146
2025-12-01 17:40:00+00:00 → 2025-12-01 18:21:00+00:00,EWJ follows QQQ,0,0.775294636573489
2025-12-01 17:40:00+00:00 → 2025-12-01 18:21:00+00:00,EWT follows QQQ,0,0.4498127804943662
2025-12-01 17:40:00+00:00 → 2025-12-01 18:21:00+00:00,EWC follows QQQ,1,0.5244289074212113
2025-12-01 17:40:00+00:00 → 2025-12-01 18:21:00+00:00,EWU follows QQQ,-4,0.3104254983179525
2025-12-01 17:40:00+00:00 → 2025-12-01 18:21:00+00:00,XLK follows QQQ,0,0.9085941987541363
2025-12-01 17:41:00+00:00 → 2025-12-01 18:22:00+00:00,EWJ follows QQQ,0,0.7422629296026414
2025-12-01 17:41:00+00:00 → 2025-12-01 18:22:00+00:00,EWT follows QQQ,0,0.5727848770816729
2025-12-01 17:41:00+00:00 → 2025-12-01 18:22:00+00:00,EWC follows QQQ,1,0.4653227150920363
2025-12-01 17:41:00+00:00 → 2025-12-01 18:22:00+00:00,EWU follows QQQ,-4,0.30071669666746204
2025-12-01 17:41:00+00:00 → 2025-12-01 18:22:00+00:00,XLK follows QQQ,0,0.9048667980942213
2025-12-01 17:42:00+00:00 → 2025-12-01 18:23:00+00:00,EWJ follows QQQ,0,0.7363016211522923
2025-12-01 17:42:00+00:00 → 2025-12-01 18:23:00+00:00,EWT follows QQQ,0,0.5620335187943156
2025-12-01 17:42:00+00:00 → 2025-12-01 18:23:00+00:00,EWC follows QQQ,1,0.4533235643135966
2025-12-01 17:42:00+00:00 → 2025-12-01 18:23:00+00:00,EWU follows QQQ,-4,0.2879065739658037
2025-12-01 17:42:00+00:00 → 2025-12-01 18:23:00+00:00,XLK follows QQQ,0,0.9006814297512054
2025-12-01 17:43:00+00:00 → 2025-12-01 18:24:00+00:00,EWJ follows QQQ,0,0.7255787956527853
2025-12-01 17:43:00+00:00 → 2025-12-01 18:24:00+00:00,EWT follows QQQ,0,0.5617178268543834
2025-12-01 17:43:00+00:00 → 2025-12-01 18:24:00+00:00,EWC follows QQQ,1,0.43515567806294986
2025-12-01 17:43:00+00:00 → 2025-12-01 18:24:00+00:00,EWU follows QQQ,-4,0.27910069522017905
2025-12-01 17:43:00+00:00 → 2025-12-01 18:24:00+00:00,XLK follows QQQ,0,0.9022796121951341
2025-12-01 17:46:00+00:00 → 2025-12-01 18:25:00+00:00,EWJ follows QQQ,0,0.7250677078314955
2025-12-01 17:46:00+00:00 → 2025-12-01 18:25:00+00:00,EWT follows QQQ,0,0.5529931742889788
2025-12-01 17:46:00+00:00 → 2025-12-01 18:25:00+00:00,EWC follows QQQ,1,0.5012477045391738
2025-12-01 17:46:00+00:00 → 2025-12-01 18:25:00+00:00,EWU follows QQQ,-2,0.3010629753158397
2025-12-01 17:46:00+00:00 → 2025-12-01 18:25:00+00:00,XLK follows QQQ,0,0.9003232853464959
2025-12-01 17:51:00+00:00 → 2025-12-01 18:26:00+00:00,EWJ follows QQQ,0,0.7152235688952594
2025-12-01 17:51:00+00:00 → 2025-12-01 18:26:00+00:00,EWT follows QQQ,0,0.5722356990227092
2025-12-01 17:51:00+00:00 → 2025-12-01 18:26:00+00:00,EWC follows QQQ,1,0.5113007242211247
2025-12-01 17:51:00+00:00 → 2025-12-01 18:26:00+00:00,EWU follows QQQ,-2,0.31752805496975806
2025-12-01 17:51:00+00:00 → 2025-12-01 18:26:00+00:00,XLK follows QQQ,0,0.9110708286805923
2025-12-01 17:52:00+00:00 → 2025-12-01 18:27:00+00:00,EWJ follows QQQ,0,0.7283306942008968
2025-12-01 17:52:00+00:00 → 2025-12-01 18:27:00+00:00,EWT follows QQQ,0,0.5662179156171325
2025-12-01 17:52:00+00:00 → 2025-12-01 18:27:00+00:00,EWC follows QQQ,1,0.5015359884367583
2025-12-01 17:52:00+00:00 → 2025-12-01 18:27:00+00:00,EWU follows QQQ,-2,0.3460834249128304
2025-12-01 17:52:00+00:00 → 2025-12-01 18:27:00+00:00,XLK follows QQQ,0,0.911558085994221
2025-12-01 17:53:00+00:00 → 2025-12-01 18:28:00+00:00,EWJ follows QQQ,0,0.7302795817169822
2025-12-01 17:53:00+00:00 → 2025-12-01 18:28:00+00:00,EWT follows QQQ,0,0.538640640188657
2025-12-01 17:53:00+00:00 → 2025-12-01 18:28:00+00:00,EWC follows QQQ,1,0.5098022523054481
2025-12-01 17:53:00+00:00 → 2025-12-01 18:28:00+00:00,EWU follows QQQ,-2,0.3440841709942736
2025-12-01 17:53:00+00:00 → 2025-12-01 18:28:00+00:00,XLK follows QQQ,0,0.9127663644912613
2025-12-01 17:54:00+00:00 → 2025-12-01 18:29:00+00:00,EWJ follows QQQ,0,0.7398473288319881
2025-12-01 17:54:00+00:00 → 2025-12-01 18:29:00+00:00,EWT follows QQQ,0,0.522150585233525
2025-12-01 17:54:00+00:00 → 2025-12-01 18:29:00+00:00,EWC follows QQQ,1,0.5155523458025807
2025-12-01 17:54:00+00:00 → 2025-12-01 18:29:00+00:00,EWU follows QQQ,-2,0.40552117440802615
2025-12-01 17:54:00+00:00 → 2025-12-01 18:29:00+00:00,XLK follows QQQ,0,0.9095578297840438
2025-12-01 17:55:00+00:00 → 2025-12-01 18:30:00+00:00,EWJ follows QQQ,0,0.762074780489531
2025-12-01 17:55:00+00:00 → 2025-12-01 18:30:00+00:00,EWT follows QQQ,0,0.5321350150927369
2025-12-01 17:55:00+00:00 → 2025-12-01 18:30:00+00:00,EWC follows QQQ,0,0.5224356206983279
2025-12-01 17:55:00+00:00 → 2025-12-01 18:30:00+00:00,EWU follows QQQ,-2,0.25577560216790934
2025-12-01 17:55:00+00:00 → 2025-12-01 18:30:00+00:00,XLK follows QQQ,0,0.923420970300633
2025-12-01 17:56:00+00:00 → 2025-12-01 18:31:00+00:00,EWJ follows QQQ,0,0.7524185317834262
2025-12-01 17:56:00+00:00 → 2025-12-01 18:31:00+00:00,EWT follows QQQ,0,0.5220258843913159
2025-12-01 17:56:00+00:00 → 2025-12-01 18:31:00+00:00,EWC follows QQQ,0,0.5383091272016869
2025-12-01 17:56:00+00:00 → 2025-12-01 18:31:00+00:00,EWU follows QQQ,-2,0.25026630649650294
2025-12-01 17:56:00+00:00 → 2025-12-01 18:31:00+00:00,XLK follows QQQ,0,0.9204901623023616
2025-12-01 17:57:00+00:00 → 2025-12-01 18:32:00+00:00,EWJ follows QQQ,0,0.73274146920811
2025-12-01 17:57:00+00:00 → 2025-12-01 18:32:00+00:00,EWT follows QQQ,0,0.48349531673436313
2025-12-01 17:57:00+00:00 → 2025-12-01 18:32:00+00:00,EWC follows QQQ,0,0.504857298184484
2025-12-01 17:57:00+00:00 → 2025-12-01 18:32:00+00:00,EWU follows QQQ,-2,0.3085243143890195
2025-12-01 17:57:00+00:00 → 2025-12-01 18:32:00+00:00,XLK follows QQQ,0,0.9131394088187192
2025-12-01 17:58:00+00:00 → 2025-12-01 18:37:00+00:00,EWJ follows QQQ,0,0.693044223453222
2025-12-01 17:58:00+00:00 → 2025-12-01 18:37:00+00:00,EWT follows QQQ,0,0.4711676343997814
2025-12-01 17:58:00+00:00 → 2025-12-01 18:37:00+00:00,EWC follows QQQ,0,0.4980002161869868
2025-12-01 17:58:00+00:00 → 2025-12-01 18:37:00+00:00,EWU follows QQQ,-2,0.18780100544640158
2025-12-01 17:58:00+00:00 → 2025-12-01 18:37:00+00:00,XLK follows QQQ,0,0.9134499959953081
2025-12-01 18:01:00+00:00 → 2025-12-01 18:38:00+00:00,EWJ follows QQQ,0,0.6703092539875685
2025-12-01 18:01:00+00:00 → 2025-12-01 18:38:00+00:00,EWT follows QQQ,0,0.4690401175038536
2025-12-01 18:01:00+00:00 → 2025-12-01 18:38:00+00:00,EWC follows QQQ,0,0.4981003363954565
2025-12-01 18:01:00+00:00 → 2025-12-01 18:38:00+00:00,EWU follows QQQ,-5,0.20951268045804702
2025-12-01 18:01:00+00:00 → 2025-12-01 18:38:00+00:00,XLK follows QQQ,0,0.9196646761094491
2025-12-01 18:02:00+00:00 → 2025-12-01 18:39:00+00:00,EWJ follows QQQ,0,0.6337286521221108
2025-12-01 18:02:00+00:00 → 2025-12-01 18:39:00+00:00,EWT follows QQQ,0,0.42049040034575685
2025-12-01 18:02:00+00:00 → 2025-12-01 18:39:00+00:00,EWC follows QQQ,0,0.49844494278700974
2025-12-01 18:02:00+00:00 → 2025-12-01 18:39:00+00:00,EWU follows QQQ,1,0.1267110867039249
2025-12-01 18:02:00+00:00 → 2025-12-01 18:39:00+00:00,XLK follows QQQ,0,0.9141105912525356
2025-12-01 18:03:00+00:00 → 2025-12-01 18:40:00+00:00,EWJ follows QQQ,0,0.6256910108693926
2025-12-01 18:03:00+00:00 → 2025-12-01 18:40:00+00:00,EWT follows QQQ,0,0.44264756467201977
2025-12-01 18:03:00+00:00 → 2025-12-01 18:40:00+00:00,EWC follows QQQ,0,0.4885079167680942
2025-12-01 18:03:00+00:00 → 2025-12-01 18:40:00+00:00,EWU follows QQQ,-1,0.18168874366868715
2025-12-01 18:03:00+00:00 → 2025-12-01 18:40:00+00:00,XLK follows QQQ,0,0.913717787016184
2025-12-01 18:04:00+00:00 → 2025-12-01 18:41:00+00:00,EWJ follows QQQ,0,0.5797023278767357
2025-12-01 18:04:00+00:00 → 2025-12-01 18:41:00+00:00,EWT follows QQQ,0,0.43790126080904285
2025-12-01 18:04:00+00:00 → 2025-12-01 18:41:00+00:00,EWC follows QQQ,0,0.5198670054325054
2025-12-01 18:04:00+00:00 → 2025-12-01 18:41:00+00:00,EWU follows QQQ,-1,0.2442416636088909
2025-12-01 18:04:00+00:00 → 2025-12-01 18:41:00+00:00,XLK follows QQQ,0,0.9062509903095518
2025-12-01 18:07:00+00:00 → 2025-12-01 18:52:00+00:00,EWJ follows QQQ,0,0.5158058876800163
2025-12-01 18:07:00+00:00 → 2025-12-01 18:52:00+00:00,EWT follows QQQ,1,0.40843347850144374
2025-12-01 18:07:00+00:00 → 2025-12-01 18:52:00+00:00,EWC follows QQQ,0,0.5082411745088196
2025-12-01 18:07:00+00:00 → 2025-12-01 18:52:00+00:00,EWU follows QQQ,-1,0.20552889216469677
2025-12-01 18:07:00+00:00 → 2025-12-01 18:52:00+00:00,XLK follows QQQ,0,0.909944023711717
2025-12-01 18:08:00+00:00 → 2025-12-01 18:53:00+00:00,EWJ follows QQQ,0,0.5354992578076154
2025-12-01 18:08:00+00:00 → 2025-12-01 18:53:00+00:00,EWT follows QQQ,1,0.3770623954963684
2025-12-01 18:08:00+00:00 → 2025-12-01 18:53:00+00:00,EWC follows QQQ,0,0.5684355381295929
2025-12-01 18:08:00+00:00 → 2025-12-01 18:53:00+00:00,EWU follows QQQ,-1,0.27146639072873857
2025-12-01 18:08:00+00:00 → 2025-12-01 18:53:00+00:00,XLK follows QQQ,0,0.9022207428834601
2025-12-01 18:09:00+00:00 → 2025-12-01 18:54:00+00:00,EWJ follows QQQ,0,0.5561279661908455
2025-12-01 18:09:00+00:00 → 2025-12-01 18:54:00+00:00,EWT follows QQQ,1,0.36276120312790244
2025-12-01 18:09:00+00:00 → 2025-12-01 18:54:00+00:00,EWC follows QQQ,0,0.5334381577692267
2025-12-01 18:09:00+00:00 → 2025-12-01 18:54:00+00:00,EWU follows QQQ,-1,0.27428065016780867
2025-12-01 18:09:00+00:00 → 2025-12-01 18:54:00+00:00,XLK follows QQQ,0,0.9061776878862067
2025-12-01 18:10:00+00:00 → 2025-12-01 18:55:00+00:00,EWJ follows QQQ,0,0.44563717370427347
2025-12-01 18:10:00+00:00 → 2025-12-01 18:55:00+00:00,EWT follows QQQ,0,0.37620312228129027
2025-12-01 18:10:00+00:00 → 2025-12-01 18:55:00+00:00,EWC follows QQQ,0,0.5010793996253256
2025-12-01 18:10:00+00:00 → 2025-12-01 18:55:00+00:00,EWU follows QQQ,5,0.3188682648283902
2025-12-01 18:10:00+00:00 → 2025-12-01 18:55:00+00:00,XLK follows QQQ,0,0.9054005518172235
2025-12-01 18:11:00+00:00 → 2025-12-01 18:56:00+00:00,EWJ follows QQQ,0,0.39172961675953244
2025-12-01 18:11:00+00:00 → 2025-12-01 18:56:00+00:00,EWT follows QQQ,0,0.4768707743642239
2025-12-01 18:11:00+00:00 → 2025-12-01 18:56:00+00:00,EWC follows QQQ,0,0.542150674030232
2025-12-01 18:11:00+00:00 → 2025-12-01 18:56:00+00:00,EWU follows QQQ,5,0.22654753122513321
2025-12-01 18:11:00+00:00 → 2025-12-01 18:56:00+00:00,XLK follows QQQ,0,0.9059771958304593
2025-12-01 18:12:00+00:00 → 2025-12-01 18:57:00+00:00,EWJ follows QQQ,0,0.38181765891842423
2025-12-01 18:12:00+00:00 → 2025-12-01 18:57:00+00:00,EWT follows QQQ,0,0.45162414119904487
2025-12-01 18:12:00+00:00 → 2025-12-01 18:57:00+00:00,EWC follows QQQ,0,0.5279482618790169
2025-12-01 18:12:00+00:00 → 2025-12-01 18:57:00+00:00,EWU follows QQQ,5,0.26659172378613627
2025-12-01 18:12:00+00:00 → 2025-12-01 18:57:00+00:00,XLK follows QQQ,0,0.9022685479732606
2025-12-01 18:13:00+00:00 → 2025-12-01 19:00:00+00:00,EWJ follows QQQ,0,0.5631243562581286
2025-12-01 18:13:00+00:00 → 2025-12-01 19:00:00+00:00,EWT follows QQQ,0,0.6014260527138702
2025-12-01 18:13:00+00:00 → 2025-12-01 19:00:00+00:00,EWC follows QQQ,0,0.6540081691767959
2025-12-01 18:13:00+00:00 → 2025-12-01 19:00:00+00:00,EWU follows QQQ,-3,0.274229441262145
2025-12-01 18:13:00+00:00 → 2025-12-01 19:00:00+00:00,XLK follows QQQ,0,0.9068218240022785
2025-12-01 18:16:00+00:00 → 2025-12-01 19:01:00+00:00,EWJ follows QQQ,0,0.5932050337201692
2025-12-01 18:16:00+00:00 → 2025-12-01 19:01:00+00:00,EWT follows QQQ,0,0.6913098010925784
2025-12-01 18:16:00+00:00 → 2025-12-01 19:01:00+00:00,EWC follows QQQ,0,0.7012918917689879
2025-12-01 18:16:00+00:00 → 2025-12-01 19:01:00+00:00,EWU follows QQQ,-3,0.3785714793345284
2025-12-01 18:16:00+00:00 → 2025-12-01 19:01:00+00:00,XLK follows QQQ,0,0.9150261663859202
2025-12-01 18:17:00+00:00 → 2025-12-01 19:02:00+00:00,EWJ follows QQQ,0,0.5654363402776013
2025-12-01 18:17:00+00:00 → 2025-12-01 19:02:00+00:00,EWT follows QQQ,0,0.6871166108492387
2025-12-01 18:17:00+00:00 → 2025-12-01 19:02:00+00:00,EWC follows QQQ,0,0.6926517280454215
2025-12-01 18:17:00+00:00 → 2025-12-01 19:02:00+00:00,EWU follows QQQ,-3,0.43249400301671287
2025-12-01 18:17:00+00:00 → 2025-12-01 19:02:00+00:00,XLK follows QQQ,0,0.9215805697960116
2025-12-01 18:18:00+00:00 → 2025-12-01 19:03:00+00:00,EWJ follows QQQ,0,0.5684823255052711
2025-12-01 18:18:00+00:00 → 2025-12-01 19:03:00+00:00,EWT follows QQQ,0,0.6887388909823159
2025-12-01 18:18:00+00:00 → 2025-12-01 19:03:00+00:00,EWC follows QQQ,0,0.6810140867730494
2025-12-01 18:18:00+00:00 → 2025-12-01 19:03:00+00:00,EWU follows QQQ,-3,0.40373211768639405
2025-12-01 18:18:00+00:00 → 2025-12-01 19:03:00+00:00,XLK follows QQQ,0,0.9181244338120684
2025-12-01 18:19:00+00:00 → 2025-12-01 19:06:00+00:00,EWJ follows QQQ,0,0.5447759017929678
2025-12-01 18:19:00+00:00 → 2025-12-01 19:06:00+00:00,EWT follows QQQ,0,0.6803688560023196
2025-12-01 18:19:00+00:00 → 2025-12-01 19:06:00+00:00,EWC follows QQQ,0,0.6524187654573573
2025-12-01 18:19:00+00:00 → 2025-12-01 19:06:00+00:00,EWU follows QQQ,-3,0.3629344714150589
2025-12-01 18:19:00+00:00 → 2025-12-01 19:06:00+00:00,XLK follows QQQ,0,0.9226775884992021
2025-12-01 18:20:00+00:00 → 2025-12-01 19:09:00+00:00,EWJ follows QQQ,0,0.556495242009044
2025-12-01 18:20:00+00:00 → 2025-12-01 19:09:00+00:00,EWT follows QQQ,0,0.7191935231451796
2025-12-01 18:20:00+00:00 → 2025-12-01 19:09:00+00:00,EWC follows QQQ,0,0.6512945997060389
2025-12-01 18:20:00+00:00 → 2025-12-01 19:09:00+00:00,EWU follows QQQ,5,0.350969405854993
2025-12-01 18:20:00+00:00 → 2025-12-01 19:09:00+00:00,XLK follows QQQ,0,0.9308486308850905
2025-12-01 18:21:00+00:00 → 2025-12-01 19:10:00+00:00,EWJ follows QQQ,0,0.5271657515667104
2025-12-01 18:21:00+00:00 → 2025-12-01 19:10:00+00:00,EWT follows QQQ,0,0.7038666185844139
2025-12-01 18:21:00+00:00 → 2025-12-01 19:10:00+00:00,EWC follows QQQ,0,0.5943993371388804
2025-12-01 18:21:00+00:00 → 2025-12-01 19:10:00+00:00,EWU follows QQQ,5,0.32644278260297116
2025-12-01 18:21:00+00:00 → 2025-12-01 19:10:00+00:00,XLK follows QQQ,0,0.9156671351330316
2025-12-01 18:22:00+00:00 → 2025-12-01 19:13:00+00:00,EWJ follows QQQ,0,0.5499460265208342
2025-12-01 18:22:00+00:00 → 2025-12-01 19:13:00+00:00,EWT follows QQQ,0,0.7119376358674502
2025-12-01 18:22:00+00:00 → 2025-12-01 19:13:00+00:00,EWC follows QQQ,0,0.6342289822074855
2025-12-01 18:22:00+00:00 → 2025-12-01 19:13:00+00:00,EWU follows QQQ,5,0.3605028215397925
2025-12-01 18:22:00+00:00 → 2025-12-01 19:13:00+00:00,XLK follows QQQ,0,0.924637450220287
2025-12-01 18:23:00+00:00 → 2025-12-01 19:19:00+00:00,EWJ follows QQQ,0,0.5434669927143281
2025-12-01 18:23:00+00:00 → 2025-12-01 19:19:00+00:00,EWT follows QQQ,0,0.7056658900615125
2025-12-01 18:23:00+00:00 → 2025-12-01 19:19:00+00:00,EWC follows QQQ,0,0.6340301563353486
2025-12-01 18:23:00+00:00 → 2025-12-01 19:19:00+00:00,EWU follows QQQ,5,0.36178564684180153
2025-12-01 18:23:00+00:00 → 2025-12-01 19:19:00+00:00,XLK follows QQQ,0,0.9209893206113412
2025-12-01 18:24:00+00:00 → 2025-12-01 19:20:00+00:00,EWJ follows QQQ,0,0.5445921579827246
2025-12-01 18:24:00+00:00 → 2025-12-01 19:20:00+00:00,EWT follows QQQ,0,0.6922575102098123
2025-12-01 18:24:00+00:00 → 2025-12-01 19:20:00+00:00,EWC follows QQQ,0,0.5662067893448322
2025-12-01 18:24:00+00:00 → 2025-12-01 19:20:00+00:00,EWU follows QQQ,5,0.41818865267169913
2025-12-01 18:24:00+00:00 → 2025-12-01 19:20:00+00:00,XLK follows QQQ,0,0.925275659124911
2025-12-01 18:25:00+00:00 → 2025-12-01 19:21:00+00:00,EWJ follows QQQ,0,0.5518519791225862
2025-12-01 18:25:00+00:00 → 2025-12-01 19:21:00+00:00,EWT follows QQQ,0,0.6830006414334118
2025-12-01 18:25:00+00:00 → 2025-12-01 19:21:00+00:00,EWC follows QQQ,0,0.5536920364638946
2025-12-01 18:25:00+00:00 → 2025-12-01 19:21:00+00:00,EWU follows QQQ,5,0.385062104301863
2025-12-01 18:25:00+00:00 → 2025-12-01 19:21:00+00:00,XLK follows QQQ,0,0.9262360922466429
2025-12-01 18:26:00+00:00 → 2025-12-01 19:22:00+00:00,EWJ follows QQQ,0,0.549545561761812
2025-12-01 18:26:00+00:00 → 2025-12-01 19:22:00+00:00,EWT follows QQQ,0,0.706413670778892
2025-12-01 18:26:00+00:00 → 2025-12-01 19:22:00+00:00,EWC follows QQQ,0,0.5618341093995337
2025-12-01 18:26:00+00:00 → 2025-12-01 19:22:00+00:00,EWU follows QQQ,5,0.39248957642838017
2025-12-01 18:26:00+00:00 → 2025-12-01 19:22:00+00:00,XLK follows QQQ,0,0.933847658065188
2025-12-01 18:27:00+00:00 → 2025-12-01 19:23:00+00:00,EWJ follows QQQ,0,0.6026086784959509
2025-12-01 18:27:00+00:00 → 2025-12-01 19:23:00+00:00,EWT follows QQQ,0,0.7221103244582877
2025-12-01 18:27:00+00:00 → 2025-12-01 19:23:00+00:00,EWC follows QQQ,0,0.6431315280360388
2025-12-01 18:27:00+00:00 → 2025-12-01 19:23:00+00:00,EWU follows QQQ,5,0.3378566656354235
2025-12-01 18:27:00+00:00 → 2025-12-01 19:23:00+00:00,XLK follows QQQ,0,0.944839247512901
2025-12-01 18:28:00+00:00 → 2025-12-01 19:26:00+00:00,EWJ follows QQQ,0,0.6032440797466693
2025-12-01 18:28:00+00:00 → 2025-12-01 19:26:00+00:00,EWT follows QQQ,0,0.707824245655449
2025-12-01 18:28:00+00:00 → 2025-12-01 19:26:00+00:00,EWC follows QQQ,0,0.6494756043106874
2025-12-01 18:28:00+00:00 → 2025-12-01 19:26:00+00:00,EWU follows QQQ,5,0.3512207692097595
2025-12-01 18:28:00+00:00 → 2025-12-01 19:26:00+00:00,XLK follows QQQ,0,0.9462233421577978
2025-12-01 18:29:00+00:00 → 2025-12-01 19:27:00+00:00,EWJ follows QQQ,0,0.6784159355056779
2025-12-01 18:29:00+00:00 → 2025-12-01 19:27:00+00:00,EWT follows QQQ,0,0.803968891009033
2025-12-01 18:29:00+00:00 → 2025-12-01 19:27:00+00:00,EWC follows QQQ,0,0.7025608994599384
2025-12-01 18:29:00+00:00 → 2025-12-01 19:27:00+00:00,EWU follows QQQ,5,0.34580802088437157
2025-12-01 18:29:00+00:00 → 2025-12-01 19:27:00+00:00,XLK follows QQQ,0,0.9584078577222938
2025-12-01 18:30:00+00:00 → 2025-12-01 19:28:00+00:00,EWJ follows QQQ,0,0.7091860958234892
2025-12-01 18:30:00+00:00 → 2025-12-01 19:28:00+00:00,EWT follows QQQ,0,0.8224652275844667
2025-12-01 18:30:00+00:00 → 2025-12-01 19:28:00+00:00,EWC follows QQQ,0,0.7186110906442338
2025-12-01 18:30:00+00:00 → 2025-12-01 19:28:00+00:00,EWU follows QQQ,5,0.4141485674556466
2025-12-01 18:30:00+00:00 → 2025-12-01 19:28:00+00:00,XLK follows QQQ,0,0.9648013039330077
2025-12-01 18:31:00+00:00 → 2025-12-01 19:29:00+00:00,EWJ follows QQQ,0,0.6865903174744727
2025-12-01 18:31:00+00:00 → 2025-12-01 19:29:00+00:00,EWT follows QQQ,0,0.8147149251221565
2025-12-01 18:31:00+00:00 → 2025-12-01 19:29:00+00:00,EWC follows QQQ,0,0.700779906294386
2025-12-01 18:31:00+00:00 → 2025-12-01 19:29:00+00:00,EWU follows QQQ,5,0.4166182663202426
2025-12-01 18:31:00+00:00 → 2025-12-01 19:29:00+00:00,XLK follows QQQ,0,0.9645701854684162
2025-12-01 18:32:00+00:00 → 2025-12-01 19:30:00+00:00,EWJ follows QQQ,0,0.6748835581782404
2025-12-01 18:32:00+00:00 → 2025-12-01 19:30:00+00:00,EWT follows QQQ,0,0.8143114758573805
2025-12-01 18:32:00+00:00 → 2025-12-01 19:30:00+00:00,EWC follows QQQ,0,0.7039328847928306
2025-12-01 18:32:00+00:00 → 2025-12-01 19:30:00+00:00,EWU follows QQQ,5,0.40133076431698317
2025-12-01 18:32:00+00:00 → 2025-12-01 19:30:00+00:00,XLK follows QQQ,0,0.9649374725905348
2025-12-01 18:37:00+00:00 → 2025-12-01 19:31:00+00:00,EWJ follows QQQ,0,0.6673103529751805
2025-12-01 18:37:00+00:00 → 2025-12-01 19:31:00+00:00,EWT follows QQQ,0,0.8206028312990105
2025-12-01 18:37:00+00:00 → 2025-12-01 19:31:00+00:00,EWC follows QQQ,0,0.7174336700772498
2025-12-01 18:37:00+00:00 → 2025-12-01 19:31:00+00:00,EWU follows QQQ,5,0.4043721177233369
2025-12-01 18:37:00+00:00 → 2025-12-01 19:31:00+00:00,XLK follows QQQ,0,0.9619265528293423
2025-12-01 18:38:00+00:00 → 2025-12-01 19:32:00+00:00,EWJ follows QQQ,0,0.7115451265071859
2025-12-01 18:38:00+00:00 → 2025-12-01 19:32:00+00:00,EWT follows QQQ,0,0.8287954401408022
2025-12-01 18:38:00+00:00 → 2025-12-01 19:32:00+00:00,EWC follows QQQ,0,0.6989320530813686
2025-12-01 18:38:00+00:00 → 2025-12-01 19:32:00+00:00,EWU follows QQQ,0,0.41569725166946053
2025-12-01 18:38:00+00:00 → 2025-12-01 19:32:00+00:00,XLK follows QQQ,0,0.9646219531283664
2025-12-01 18:39:00+00:00 → 2025-12-01 19:33:00+00:00,EWJ follows QQQ,0,0.7132203311639985
2025-12-01 18:39:00+00:00 → 2025-12-01 19:33:00+00:00,EWT follows QQQ,0,0.8204399474035481
2025-12-01 18:39:00+00:00 → 2025-12-01 19:33:00+00:00,EWC follows QQQ,0,0.7044429811608784
2025-12-01 18:39:00+00:00 → 2025-12-01 19:33:00+00:00,EWU follows QQQ,0,0.3839531199652314
2025-12-01 18:39:00+00:00 → 2025-12-01 19:33:00+00:00,XLK follows QQQ,0,0.9650760937848483
2025-12-01 18:40:00+00:00 → 2025-12-01 19:34:00+00:00,EWJ follows QQQ,0,0.7447706916933621
2025-12-01 18:40:00+00:00 → 2025-12-01 19:34:00+00:00,EWT follows QQQ,0,0.8464957424468152
2025-12-01 18:40:00+00:00 → 2025-12-01 19:34:00+00:00,EWC follows QQQ,0,0.7255150973018816
2025-12-01 18:40:00+00:00 → 2025-12-01 19:34:00+00:00,EWU follows QQQ,0,0.38792468636491434
2025-12-01 18:40:00+00:00 → 2025-12-01 19:34:00+00:00,XLK follows QQQ,0,0.969720229913386
2025-12-01 18:41:00+00:00 → 2025-12-01 19:35:00+00:00,EWJ follows QQQ,0,0.7484768763552335
2025-12-01 18:41:00+00:00 → 2025-12-01 19:35:00+00:00,EWT follows QQQ,0,0.8461772846878166
2025-12-01 18:41:00+00:00 → 2025-12-01 19:35:00+00:00,EWC follows QQQ,0,0.7198705241220409
2025-12-01 18:41:00+00:00 → 2025-12-01 19:35:00+00:00,EWU follows QQQ,0,0.4083019849568653
2025-12-01 18:41:00+00:00 → 2025-12-01 19:35:00+00:00,XLK follows QQQ,0,0.9689029110143766
2025-12-01 18:52:00+00:00 → 2025-12-01 19:36:00+00:00,EWJ follows QQQ,0,0.7778147713473978
2025-12-01 18:52:00+00:00 → 2025-12-01 19:36:00+00:00,EWT follows QQQ,0,0.8690433068359806
2025-12-01 18:52:00+00:00 → 2025-12-01 19:36:00+00:00,EWC follows QQQ,0,0.7337247852895992
2025-12-01 18:52:00+00:00 → 2025-12-01 19:36:00+00:00,EWU follows QQQ,0,0.47221753508363246
2025-12-01 18:52:00+00:00 → 2025-12-01 19:36:00+00:00,XLK follows QQQ,0,0.9738314343894723
2025-12-01 18:53:00+00:00 → 2025-12-01 19:37:00+00:00,EWJ follows QQQ,0,0.7796316212352639
2025-12-01 18:53:00+00:00 → 2025-12-01 19:37:00+00:00,EWT follows QQQ,0,0.87320041133747
2025-12-01 18:53:00+00:00 → 2025-12-01 19:37:00+00:00,EWC follows QQQ,0,0.7318791433772609
2025-12-01 18:53:00+00:00 → 2025-12-01 19:37:00+00:00,EWU follows QQQ,0,0.47711794958559334
2025-12-01 18:53:00+00:00 → 2025-12-01 19:37:00+00:00,XLK follows QQQ,0,0.9741845918245147
2025-12-01 18:54:00+00:00 → 2025-12-01 19:38:00+00:00,EWJ follows QQQ,0,0.8065565158135539
2025-12-01 18:54:00+00:00 → 2025-12-01 19:38:00+00:00,EWT follows QQQ,0,0.8814041465066549
2025-12-01 18:54:00+00:00 → 2025-12-01 19:38:00+00:00,EWC follows QQQ,0,0.7571966657154418
2025-12-01 18:54:00+00:00 → 2025-12-01 19:38:00+00:00,EWU follows QQQ,0,0.4389050868052211
2025-12-01 18:54:00+00:00 → 2025-12-01 19:38:00+00:00,XLK follows QQQ,0,0.9790909305459105
2025-12-01 18:55:00+00:00 → 2025-12-01 19:39:00+00:00,EWJ follows QQQ,0,0.8254447612168119
2025-12-01 18:55:00+00:00 → 2025-12-01 19:39:00+00:00,EWT follows QQQ,0,0.8906581200199535
2025-12-01 18:55:00+00:00 → 2025-12-01 19:39:00+00:00,EWC follows QQQ,0,0.743711042870123
2025-12-01 18:55:00+00:00 → 2025-12-01 19:39:00+00:00,EWU follows QQQ,0,0.3657962875618832
2025-12-01 18:55:00+00:00 → 2025-12-01 19:39:00+00:00,XLK follows QQQ,0,0.9832855979263635
2025-12-01 18:56:00+00:00 → 2025-12-01 19:40:00+00:00,EWJ follows QQQ,0,0.8571909917254174
2025-12-01 18:56:00+00:00 → 2025-12-01 19:40:00+00:00,EWT follows QQQ,0,0.8866013539169084
2025-12-01 18:56:00+00:00 → 2025-12-01 19:40:00+00:00,EWC follows QQQ,0,0.7564925463419285
2025-12-01 18:56:00+00:00 → 2025-12-01 19:40:00+00:00,EWU follows QQQ,0,0.3738305952766257
2025-12-01 18:56:00+00:00 → 2025-12-01 19:40:00+00:00,XLK follows QQQ,0,0.9832241624146772
2025-12-01 18:57:00+00:00 → 2025-12-01 19:41:00+00:00,EWJ follows QQQ,0,0.8742698051007893
2025-12-01 18:57:00+00:00 → 2025-12-01 19:41:00+00:00,EWT follows QQQ,0,0.8917329077201133
2025-12-01 18:57:00+00:00 → 2025-12-01 19:41:00+00:00,EWC follows QQQ,0,0.7571529435546804
2025-12-01 18:57:00+00:00 → 2025-12-01 19:41:00+00:00,EWU follows QQQ,0,0.41023159935582626
2025-12-01 18:57:00+00:00 → 2025-12-01 19:41:00+00:00,XLK follows QQQ,0,0.9807545868301926
2025-12-01 19:00:00+00:00 → 2025-12-01 19:42:00+00:00,EWJ follows QQQ,0,0.8775394605966939
2025-12-01 19:00:00+00:00 → 2025-12-01 19:42:00+00:00,EWT follows QQQ,0,0.8783020519007242
2025-12-01 19:00:00+00:00 → 2025-12-01 19:42:00+00:00,EWC follows QQQ,0,0.7596744722830114
2025-12-01 19:00:00+00:00 → 2025-12-01 19:42:00+00:00,EWU follows QQQ,0,0.4111058750548885
2025-12-01 19:00:00+00:00 → 2025-12-01 19:42:00+00:00,XLK follows QQQ,0,0.9791731436021773
2025-12-01 19:01:00+00:00 → 2025-12-01 19:43:00+00:00,EWJ follows QQQ,0,0.874129127757544
2025-12-01 19:01:00+00:00 → 2025-12-01 19:43:00+00:00,EWT follows QQQ,0,0.8571688936931088
2025-12-01 19:01:00+00:00 → 2025-12-01 19:43:00+00:00,EWC follows QQQ,0,0.744362410513571
2025-12-01 19:01:00+00:00 → 2025-12-01 19:43:00+00:00,EWU follows QQQ,0,0.38018095813675334
2025-12-01 19:01:00+00:00 → 2025-12-01 19:43:00+00:00,XLK follows QQQ,0,0.9805211216171777
2025-12-01 19:02:00+00:00 → 2025-12-01 19:44:00+00:00,EWJ follows QQQ,0,0.8686329832987201
2025-12-01 19:02:00+00:00 → 2025-12-01 19:44:00+00:00,EWT follows QQQ,0,0.8598148932505266
2025-12-01 19:02:00+00:00 → 2025-12-01 19:44:00+00:00,EWC follows QQQ,0,0.7441475798109973
2025-12-01 19:02:00+00:00 → 2025-12-01 19:44:00+00:00,EWU follows QQQ,0,0.39762304000360604
2025-12-01 19:02:00+00:00 → 2025-12-01 19:44:00+00:00,XLK follows QQQ,0,0.979485710493294
2025-12-01 19:03:00+00:00 → 2025-12-01 19:45:00+00:00,EWJ follows QQQ,0,0.8719652803202137
2025-12-01 19:03:00+00:00 → 2025-12-01 19:45:00+00:00,EWT follows QQQ,0,0.8580298558613985
2025-12-01 19:03:00+00:00 → 2025-12-01 19:45:00+00:00,EWC follows QQQ,0,0.7453011425479434
2025-12-01 19:03:00+00:00 → 2025-12-01 19:45:00+00:00,EWU follows QQQ,0,0.38365104410221557
2025-12-01 19:03:00+00:00 → 2025-12-01 19:45:00+00:00,XLK follows QQQ,0,0.9791866056075383
2025-12-01 19:06:00+00:00 → 2025-12-01 19:46:00+00:00,EWJ follows QQQ,0,0.872277553649631
2025-12-01 19:06:00+00:00 → 2025-12-01 19:46:00+00:00,EWT follows QQQ,0,0.8536110537791332
2025-12-01 19:06:00+00:00 → 2025-12-01 19:46:00+00:00,EWC follows QQQ,0,0.7503091545574337
2025-12-01 19:06:00+00:00 → 2025-12-01 19:46:00+00:00,EWU follows QQQ,0,0.3762664145605283
2025-12-01 19:06:00+00:00 → 2025-12-01 19:46:00+00:00,XLK follows QQQ,0,0.9799671077800742
2025-12-01 19:09:00+00:00 → 2025-12-01 19:47:00+00:00,EWJ follows QQQ,0,0.8810688790990129
2025-12-01 19:09:00+00:00 → 2025-12-01 19:47:00+00:00,EWT follows QQQ,0,0.8529304554519849
2025-12-01 19:09:00+00:00 → 2025-12-01 19:47:00+00:00,EWC follows QQQ,0,0.7622399699458885
2025-12-01 19:09:00+00:00 → 2025-12-01 19:47:00+00:00,EWU follows QQQ,0,0.4064954719228149
2025-12-01 19:09:00+00:00 → 2025-12-01 19:47:00+00:00,XLK follows QQQ,0,0.9786521032107889
2025-12-01 19:10:00+00:00 → 2025-12-01 19:48:00+00:00,EWJ follows QQQ,0,0.8771877891673514
2025-12-01 19:10:00+00:00 → 2025-12-01 19:48:00+00:00,EWT follows QQQ,0,0.8556721860326953
2025-12-01 19:10:00+00:00 → 2025-12-01 19:48:00+00:00,EWC follows QQQ,0,0.7681116946317363
2025-12-01 19:10:00+00:00 → 2025-12-01 19:48:00+00:00,EWU follows QQQ,0,0.39954283902044496
2025-12-01 19:10:00+00:00 → 2025-12-01 19:48:00+00:00,XLK follows QQQ,0,0.9772875443623712
2025-12-01 19:13:00+00:00 → 2025-12-01 19:49:00+00:00,EWJ follows QQQ,0,0.8781853649885762
2025-12-01 19:13:00+00:00 → 2025-12-01 19:49:00+00:00,EWT follows QQQ,0,0.8601807175580032
2025-12-01 19:13:00+00:00 → 2025-12-01 19:49:00+00:00,EWC follows QQQ,0,0.7692884461492692
2025-12-01 19:13:00+00:00 → 2025-12-01 19:49:00+00:00,EWU follows QQQ,0,0.3988862332639269
2025-12-01 19:13:00+00:00 → 2025-12-01 19:49:00+00:00,XLK follows QQQ,0,0.9774842162028746
2025-12-01 19:19:00+00:00 → 2025-12-01 19:50:00+00:00,EWJ follows QQQ,0,0.8739751332041129
2025-12-01 19:19:00+00:00 → 2025-12-01 19:50:00+00:00,EWT follows QQQ,0,0.8561040962931709
2025-12-01 19:19:00+00:00 → 2025-12-01 19:50:00+00:00,EWC follows QQQ,0,0.7667859609709332
2025-12-01 19:19:00+00:00 → 2025-12-01 19:50:00+00:00,EWU follows QQQ,0,0.3779882277066967
2025-12-01 19:19:00+00:00 → 2025-12-01 19:50:00+00:00,XLK follows QQQ,0,0.9770066118915209
2025-12-01 19:20:00+00:00 → 2025-12-01 19:51:00+00:00,EWJ follows QQQ,0,0.8586192219734853
2025-12-01 19:20:00+00:00 → 2025-12-01 19:51:00+00:00,EWT follows QQQ,0,0.8567643949317949
2025-12-01 19:20:00+00:00 → 2025-12-01 19:51:00+00:00,EWC follows QQQ,0,0.756649543963758
2025-12-01 19:20:00+00:00 → 2025-12-01 19:51:00+00:00,EWU follows QQQ,0,0.38221578616601837
2025-12-01 19:20:00+00:00 → 2025-12-01 19:51:00+00:00,XLK follows QQQ,0,0.9769878171509027
2025-12-01 19:21:00+00:00 → 2025-12-01 19:52:00+00:00,EWJ follows QQQ,0,0.8578437011139426
2025-12-01 19:21:00+00:00 → 2025-12-01 19:52:00+00:00,EWT follows QQQ,0,0.8530753689186527
2025-12-01 19:21:00+00:00 → 2025-12-01 19:52:00+00:00,EWC follows QQQ,0,0.7832917650701455
2025-12-01 19:21:00+00:00 → 2025-12-01 19:52:00+00:00,EWU follows QQQ,0,0.4050553842234227
2025-12-01 19:21:00+00:00 → 2025-12-01 19:52:00+00:00,XLK follows QQQ,0,0.977784714746295
2025-12-01 19:22:00+00:00 → 2025-12-01 19:53:00+00:00,EWJ follows QQQ,0,0.8667855383919598
2025-12-01 19:22:00+00:00 → 2025-12-01 19:53:00+00:00,EWT follows QQQ,0,0.8670281258040864
2025-12-01 19:22:00+00:00 → 2025-12-01 19:53:00+00:00,EWC follows QQQ,0,0.8116461110476546
2025-12-01 19:22:00+00:00 → 2025-12-01 19:53:00+00:00,EWU follows QQQ,0,0.45507642419806904
2025-12-01 19:22:00+00:00 → 2025-12-01 19:53:00+00:00,XLK follows QQQ,0,0.9779193362132426
2025-12-01 19:23:00+00:00 → 2025-12-01 19:54:00+00:00,EWJ follows QQQ,0,0.865371849673613
2025-12-01 19:23:00+00:00 → 2025-12-01 19:54:00+00:00,EWT follows QQQ,0,0.8645537704680275
2025-12-01 19:23:00+00:00 → 2025-12-01 19:54:00+00:00,EWC follows QQQ,0,0.8042750906372351
2025-12-01 19:23:00+00:00 → 2025-12-01 19:54:00+00:00,EWU follows QQQ,0,0.4158915944593096
2025-12-01 19:23:00+00:00 → 2025-12-01 19:54:00+00:00,XLK follows QQQ,0,0.9776656682039097
2025-12-01 19:26:00+00:00 → 2025-12-01 19:55:00+00:00,EWJ follows QQQ,0,0.8653923138545317
2025-12-01 19:26:00+00:00 → 2025-12-01 19:55:00+00:00,EWT follows QQQ,0,0.8645718220532431
2025-12-01 19:26:00+00:00 → 2025-12-01 19:55:00+00:00,EWC follows QQQ,0,0.8042979855951535
2025-12-01 19:26:00+00:00 → 2025-12-01 19:55:00+00:00,EWU follows QQQ,0,0.4312493905139511
2025-12-01 19:26:00+00:00 → 2025-12-01 19:55:00+00:00,XLK follows QQQ,0,0.9784665942296024
2025-12-01 19:27:00+00:00 → 2025-12-01 19:56:00+00:00,EWJ follows QQQ,0,0.8650390955871405
2025-12-01 19:27:00+00:00 → 2025-12-01 19:56:00+00:00,EWT follows QQQ,0,0.8657391114107171
2025-12-01 19:27:00+00:00 → 2025-12-01 19:56:00+00:00,EWC follows QQQ,0,0.8021055374519249
2025-12-01 19:27:00+00:00 → 2025-12-01 19:56:00+00:00,EWU follows QQQ,0,0.44218320159364277
2025-12-01 19:27:00+00:00 → 2025-12-01 19:56:00+00:00,XLK follows QQQ,0,0.9753603266292412
2025-12-01 19:28:00+00:00 → 2025-12-01 19:57:00+00:00,EWJ follows QQQ,0,0.8496470105109898
2025-12-01 19:28:00+00:00 → 2025-12-01 19:57:00+00:00,EWT follows QQQ,0,0.8442652937825172
2025-12-01 19:28:00+00:00 → 2025-12-01 19:57:00+00:00,EWC follows QQQ,0,0.7781091041317395
2025-12-01 19:28:00+00:00 → 2025-12-01 19:57:00+00:00,EWU follows QQQ,0,0.46260284139923397
2025-12-01 19:28:00+00:00 → 2025-12-01 19:57:00+00:00,XLK follows QQQ,0,0.9718999485148885
2025-12-01 19:29:00+00:00 → 2025-12-01 20:00:00+00:00,EWJ follows QQQ,0,0.8418485965432553
2025-12-01 19:29:00+00:00 → 2025-12-01 20:00:00+00:00,EWT follows QQQ,0,0.838229065223342
2025-12-01 19:29:00+00:00 → 2025-12-01 20:00:00+00:00,EWC follows QQQ,0,0.7869751410157451
2025-12-01 19:29:00+00:00 → 2025-12-01 20:00:00+00:00,EWU follows QQQ,0,0.442823655381209
2025-12-01 19:29:00+00:00 → 2025-12-01 20:00:00+00:00,XLK follows QQQ,0,0.9708713727918757
2025-12-01 19:30:00+00:00 → 2025-12-01 20:01:00+00:00,EWJ follows QQQ,0,0.8412043923522254
2025-12-01 19:30:00+00:00 → 2025-12-01 20:01:00+00:00,EWT follows QQQ,0,0.8360719149915193
2025-12-01 19:30:00+00:00 → 2025-12-01 20:01:00+00:00,EWC follows QQQ,0,0.7835453122099196
2025-12-01 19:30:00+00:00 → 2025-12-01 20:01:00+00:00,EWU follows QQQ,0,0.44601906609547126
2025-12-01 19:30:00+00:00 → 2025-12-01 20:01:00+00:00,XLK follows QQQ,0,0.96995872072283
2025-12-01 19:31:00+00:00 → 2025-12-01 20:02:00+00:00,EWJ follows QQQ,0,0.842809995116069
2025-12-01 19:31:00+00:00 → 2025-12-01 20:02:00+00:00,EWT follows QQQ,0,0.8388380733676906
2025-12-01 19:31:00+00:00 → 2025-12-01 20:02:00+00:00,EWC follows QQQ,0,0.7688840002266317
2025-12-01 19:31:00+00:00 → 2025-12-01 20:02:00+00:00,EWU follows QQQ,0,0.4493461151905923
2025-12-01 19:31:00+00:00 → 2025-12-01 20:02:00+00:00,XLK follows QQQ,0,0.9704680664834052
2025-12-01 19:32:00+00:00 → 2025-12-01 20:03:00+00:00,EWJ follows QQQ,0,0.8518940266213051
2025-12-01 19:32:00+00:00 → 2025-12-01 20:03:00+00:00,EWT follows QQQ,0,0.8511224157230471
2025-12-01 19:32:00+00:00 → 2025-12-01 20:03:00+00:00,EWC follows QQQ,0,0.7635035668831778
2025-12-01 19:32:00+00:00 → 2025-12-01 20:03:00+00:00,EWU follows QQQ,0,0.45588779318954264
2025-12-01 19:32:00+00:00 → 2025-12-01 20:03:00+00:00,XLK follows QQQ,0,0.9738146663392292
2025-12-01 19:33:00+00:00 → 2025-12-01 20:04:00+00:00,EWJ follows QQQ,0,0.8410555472009722
2025-12-01 19:33:00+00:00 → 2025-12-01 20:04:00+00:00,EWT follows QQQ,0,0.8317361963227486
2025-12-01 19:33:00+00:00 → 2025-12-01 20:04:00+00:00,EWC follows QQQ,0,0.766637793821175
2025-12-01 19:33:00+00:00 → 2025-12-01 20:04:00+00:00,EWU follows QQQ,0,0.400335170041787
2025-12-01 19:33:00+00:00 → 2025-12-01 20:04:00+00:00,XLK follows QQQ,0,0.9718321187185454
2025-12-01 19:34:00+00:00 → 2025-12-01 20:05:00+00:00,EWJ follows QQQ,0,0.8460398318058108
2025-12-01 19:34:00+00:00 → 2025-12-01 20:05:00+00:00,EWT follows QQQ,0,0.8350738876028936
2025-12-01 19:34:00+00:00 → 2025-12-01 20:05:00+00:00,EWC follows QQQ,0,0.7641418886210405
2025-12-01 19:34:00+00:00 → 2025-12-01 20:05:00+00:00,EWU follows QQQ,0,0.42295577716129806
2025-12-01 19:34:00+00:00 → 2025-12-01 20:05:00+00:00,XLK follows QQQ,0,0.9710666126044694
2025-12-01 19:35:00+00:00 → 2025-12-01 20:06:00+00:00,EWJ follows QQQ,0,0.8443696199992078
2025-12-01 19:35:00+00:00 → 2025-12-01 20:06:00+00:00,EWT follows QQQ,0,0.8105804842570595
2025-12-01 19:35:00+00:00 → 2025-12-01 20:06:00+00:00,EWC follows QQQ,0,0.7625070628089459
2025-12-01 19:35:00+00:00 → 2025-12-01 20:06:00+00:00,EWU follows QQQ,0,0.4255365326754155
2025-12-01 19:35:00+00:00 → 2025-12-01 20:06:00+00:00,XLK follows QQQ,0,0.969845384085384
2025-12-01 19:36:00+00:00 → 2025-12-01 20:07:00+00:00,EWJ follows QQQ,0,0.8328903092528263
2025-12-01 19:36:00+00:00 → 2025-12-01 20:07:00+00:00,EWT follows QQQ,0,0.8157874605179982
2025-12-01 19:36:00+00:00 → 2025-12-01 20:07:00+00:00,EWC follows QQQ,0,0.7662536392380838
2025-12-01 19:36:00+00:00 → 2025-12-01 20:07:00+00:00,EWU follows QQQ,0,0.3925978081946714
2025-12-01 19:36:00+00:00 → 2025-12-01 20:07:00+00:00,XLK follows QQQ,0,0.9715510922735936
2025-12-01 19:37:00+00:00 → 2025-12-01 20:08:00+00:00,EWJ follows QQQ,0,0.8169249562649642
2025-12-01 19:37:00+00:00 → 2025-12-01 20:08:00+00:00,EWT follows QQQ,0,0.7955383885735575
2025-12-01 19:37:00+00:00 → 2025-12-01 20:08:00+00:00,EWC follows QQQ,0,0.7311469372705345
2025-12-01 19:37:00+00:00 → 2025-12-01 20:08:00+00:00,EWU follows QQQ,0,0.33912798886242396
2025-12-01 19:37:00+00:00 → 2025-12-01 20:08:00+00:00,XLK follows QQQ,0,0.9694033218630991
2025-12-01 19:38:00+00:00 → 2025-12-01 20:09:00+00:00,EWJ follows QQQ,0,0.834424106472186
2025-12-01 19:38:00+00:00 → 2025-12-01 20:09:00+00:00,EWT follows QQQ,0,0.7970268168892776
2025-12-01 19:38:00+00:00 → 2025-12-01 20:09:00+00:00,EWC follows QQQ,0,0.7036487896845388
2025-12-01 19:38:00+00:00 → 2025-12-01 20:09:00+00:00,EWU follows QQQ,-5,0.39370335467375756
2025-12-01 19:38:00+00:00 → 2025-12-01 20:09:00+00:00,XLK follows QQQ,0,0.9683168893194408
2025-12-01 19:39:00+00:00 → 2025-12-01 20:10:00+00:00,EWJ follows QQQ,0,0.83352289732924
2025-12-01 19:39:00+00:00 → 2025-12-01 20:10:00+00:00,EWT follows QQQ,0,0.8083380164964629
2025-12-01 19:39:00+00:00 → 2025-12-01 20:10:00+00:00,EWC follows QQQ,0,0.6768965886496644
2025-12-01 19:39:00+00:00 → 2025-12-01 20:10:00+00:00,EWU follows QQQ,-5,0.42480935793353225
2025-12-01 19:39:00+00:00 → 2025-12-01 20:10:00+00:00,XLK follows QQQ,0,0.9692076719576901
2025-12-01 19:40:00+00:00 → 2025-12-01 20:11:00+00:00,EWJ follows QQQ,0,0.7884273702543109
2025-12-01 19:40:00+00:00 → 2025-12-01 20:11:00+00:00,EWT follows QQQ,0,0.7958721328928549
2025-12-01 19:40:00+00:00 → 2025-12-01 20:11:00+00:00,EWC follows QQQ,0,0.6296754916673621
2025-12-01 19:40:00+00:00 → 2025-12-01 20:11:00+00:00,EWU follows QQQ,0,0.5000697774541114
2025-12-01 19:40:00+00:00 → 2025-12-01 20:11:00+00:00,XLK follows QQQ,0,0.9621222143319362
2025-12-01 19:41:00+00:00 → 2025-12-01 20:12:00+00:00,EWJ follows QQQ,0,0.7747218372087097
2025-12-01 19:41:00+00:00 → 2025-12-01 20:12:00+00:00,EWT follows QQQ,0,0.7980745631184081
2025-12-01 19:41:00+00:00 → 2025-12-01 20:12:00+00:00,EWC follows QQQ,0,0.6061113520159155
2025-12-01 19:41:00+00:00 → 2025-12-01 20:12:00+00:00,EWU follows QQQ,0,0.5259281154940817
2025-12-01 19:41:00+00:00 → 2025-12-01 20:12:00+00:00,XLK follows QQQ,0,0.9625769881813988
2025-12-01 19:42:00+00:00 → 2025-12-01 20:13:00+00:00,EWJ follows QQQ,0,0.7582800628143607
2025-12-01 19:42:00+00:00 → 2025-12-01 20:13:00+00:00,EWT follows QQQ,0,0.7903824323420996
2025-12-01 19:42:00+00:00 → 2025-12-01 20:13:00+00:00,EWC follows QQQ,0,0.6181383428338625
2025-12-01 19:42:00+00:00 → 2025-12-01 20:13:00+00:00,EWU follows QQQ,0,0.5481082111996048
2025-12-01 19:42:00+00:00 → 2025-12-01 20:13:00+00:00,XLK follows QQQ,0,0.9629597256264357
2025-12-01 19:43:00+00:00 → 2025-12-01 20:14:00+00:00,EWJ follows QQQ,0,0.7638484073470382
2025-12-01 19:43:00+00:00 → 2025-12-01 20:14:00+00:00,EWT follows QQQ,0,0.8171047485998727
2025-12-01 19:43:00+00:00 → 2025-12-01 20:14:00+00:00,EWC follows QQQ,0,0.583567961918091
2025-12-01 19:43:00+00:00 → 2025-12-01 20:14:00+00:00,EWU follows QQQ,0,0.5433213428883179
2025-12-01 19:43:00+00:00 → 2025-12-01 20:14:00+00:00,XLK follows QQQ,0,0.9676180879641026
2025-12-01 19:44:00+00:00 → 2025-12-01 20:15:00+00:00,EWJ follows QQQ,0,0.760329049632343
2025-12-01 19:44:00+00:00 → 2025-12-01 20:15:00+00:00,EWT follows QQQ,0,0.8361626320683545
2025-12-01 19:44:00+00:00 → 2025-12-01 20:15:00+00:00,EWC follows QQQ,0,0.5851523306937758
2025-12-01 19:44:00+00:00 → 2025-12-01 20:15:00+00:00,EWU follows QQQ,0,0.548395788286023
2025-12-01 19:44:00+00:00 → 2025-12-01 20:15:00+00:00,XLK follows QQQ,0,0.9661959998266022
2025-12-01 19:45:00+00:00 → 2025-12-01 20:16:00+00:00,EWJ follows QQQ,0,0.7463200297099363
2025-12-01 19:45:00+00:00 → 2025-12-01 20:16:00+00:00,EWT follows QQQ,0,0.8052339907527893
2025-12-01 19:45:00+00:00 → 2025-12-01 20:16:00+00:00,EWC follows QQQ,0,0.5225352868131049
2025-12-01 19:45:00+00:00 → 2025-12-01 20:16:00+00:00,EWU follows QQQ,0,0.5062266249071861
2025-12-01 19:45:00+00:00 → 2025-12-01 20:16:00+00:00,XLK follows QQQ,0,0.9632168501070192
2025-12-01 19:46:00+00:00 → 2025-12-01 20:17:00+00:00,EWJ follows QQQ,0,0.7825219356598749
2025-12-01 19:46:00+00:00 → 2025-12-01 20:17:00+00:00,EWT follows QQQ,0,0.8319099016251397
2025-12-01 19:46:00+00:00 → 2025-12-01 20:17:00+00:00,EWC follows QQQ,0,0.5567706595441185
2025-12-01 19:46:00+00:00 → 2025-12-01 20:17:00+00:00,EWU follows QQQ,0,0.5723425065049228
2025-12-01 19:46:00+00:00 → 2025-12-01 20:17:00+00:00,XLK follows QQQ,0,0.9708526808062984
2025-12-01 19:47:00+00:00 → 2025-12-01 20:18:00+00:00,EWJ follows QQQ,0,0.7846515428324188
2025-12-01 19:47:00+00:00 → 2025-12-01 20:18:00+00:00,EWT follows QQQ,0,0.8385359442330368
2025-12-01 19:47:00+00:00 → 2025-12-01 20:18:00+00:00,EWC follows QQQ,0,0.5677888848563323
2025-12-01 19:47:00+00:00 → 2025-12-01 20:18:00+00:00,EWU follows QQQ,0,0.5571732284380284
2025-12-01 19:47:00+00:00 → 2025-12-01 20:18:00+00:00,XLK follows QQQ,0,0.9716404967674832
2025-12-01 19:48:00+00:00 → 2025-12-01 20:19:00+00:00,EWJ follows QQQ,0,0.7859033230686476
2025-12-01 19:48:00+00:00 → 2025-12-01 20:19:00+00:00,EWT follows QQQ,0,0.8374108052126075
2025-12-01 19:48:00+00:00 → 2025-12-01 20:19:00+00:00,EWC follows QQQ,0,0.5615391108658531
2025-12-01 19:48:00+00:00 → 2025-12-01 20:19:00+00:00,EWU follows QQQ,0,0.5283991210634592
2025-12-01 19:48:00+00:00 → 2025-12-01 20:19:00+00:00,XLK follows QQQ,0,0.9743284667219223
2025-12-01 19:49:00+00:00 → 2025-12-01 20:20:00+00:00,EWJ follows QQQ,0,0.7903777989462963
2025-12-01 19:49:00+00:00 → 2025-12-01 20:20:00+00:00,EWT follows QQQ,0,0.8216243313036616
2025-12-01 19:49:00+00:00 → 2025-12-01 20:20:00+00:00,EWC follows QQQ,0,0.5302237881148288
2025-12-01 19:49:00+00:00 → 2025-12-01 20:20:00+00:00,EWU follows QQQ,0,0.5478862349434593
2025-12-01 19:49:00+00:00 → 2025-12-01 20:20:00+00:00,XLK follows QQQ,0,0.9769500467063184
2025-12-01 19:50:00+00:00 → 2025-12-01 20:21:00+00:00,EWJ follows QQQ,0,0.797029383616772
2025-12-01 19:50:00+00:00 → 2025-12-01 20:21:00+00:00,EWT follows QQQ,0,0.8188442232702109
2025-12-01 19:50:00+00:00 → 2025-12-01 20:21:00+00:00,EWC follows QQQ,0,0.49791831079639964
2025-12-01 19:50:00+00:00 → 2025-12-01 20:21:00+00:00,EWU follows QQQ,0,0.5156522936206321
2025-12-01 19:50:00+00:00 → 2025-12-01 20:21:00+00:00,XLK follows QQQ,0,0.9765369976551961
2025-12-01 19:51:00+00:00 → 2025-12-01 20:22:00+00:00,EWJ follows QQQ,0,0.8101831856760263
2025-12-01 19:51:00+00:00 → 2025-12-01 20:22:00+00:00,EWT follows QQQ,0,0.8320781657905368
2025-12-01 19:51:00+00:00 → 2025-12-01 20:22:00+00:00,EWC follows QQQ,0,0.5041640472248434
2025-12-01 19:51:00+00:00 → 2025-12-01 20:22:00+00:00,EWU follows QQQ,0,0.5359431792519549
2025-12-01 19:51:00+00:00 → 2025-12-01 20:22:00+00:00,XLK follows QQQ,0,0.9783518257589986
2025-12-01 19:52:00+00:00 → 2025-12-01 20:23:00+00:00,EWJ follows QQQ,0,0.8377197127195768
2025-12-01 19:52:00+00:00 → 2025-12-01 20:23:00+00:00,EWT follows QQQ,0,0.832378096462016
2025-12-01 19:52:00+00:00 → 2025-12-01 20:23:00+00:00,EWC follows QQQ,0,0.5328969560403723
2025-12-01 19:52:00+00:00 → 2025-12-01 20:23:00+00:00,EWU follows QQQ,0,0.5334211113830563
2025-12-01 19:52:00+00:00 → 2025-12-01 20:23:00+00:00,XLK follows QQQ,0,0.9785037479489809
2025-12-01 19:53:00+00:00 → 2025-12-01 20:24:00+00:00,EWJ follows QQQ,0,0.8393055033992013
2025-12-01 19:53:00+00:00 → 2025-12-01 20:24:00+00:00,EWT follows QQQ,0,0.8479853611936368
2025-12-01 19:53:00+00:00 → 2025-12-01 20:24:00+00:00,EWC follows QQQ,0,0.5231951023583908
2025-12-01 19:53:00+00:00 → 2025-12-01 20:24:00+00:00,EWU follows QQQ,0,0.5547381247540337
2025-12-01 19:53:00+00:00 → 2025-12-01 20:24:00+00:00,XLK follows QQQ,0,0.9787654885146719
2025-12-01 19:54:00+00:00 → 2025-12-01 20:25:00+00:00,EWJ follows QQQ,0,0.8070605872976212
2025-12-01 19:54:00+00:00 → 2025-12-01 20:25:00+00:00,EWT follows QQQ,0,0.8578082086103344
2025-12-01 19:54:00+00:00 → 2025-12-01 20:25:00+00:00,EWC follows QQQ,0,0.4962313330042323
2025-12-01 19:54:00+00:00 → 2025-12-01 20:25:00+00:00,EWU follows QQQ,0,0.5661873971289713
2025-12-01 19:54:00+00:00 → 2025-12-01 20:25:00+00:00,XLK follows QQQ,0,0.9777039735422791
2025-12-01 19:55:00+00:00 → 2025-12-01 20:26:00+00:00,EWJ follows QQQ,0,0.8059194262869661
2025-12-01 19:55:00+00:00 → 2025-12-01 20:26:00+00:00,EWT follows QQQ,0,0.8485407148719585
2025-12-01 19:55:00+00:00 → 2025-12-01 20:26:00+00:00,EWC follows QQQ,0,0.5048841961497713
2025-12-01 19:55:00+00:00 → 2025-12-01 20:26:00+00:00,EWU follows QQQ,0,0.5989007176550181
2025-12-01 19:55:00+00:00 → 2025-12-01 20:26:00+00:00,XLK follows QQQ,0,0.977645120449524
2025-12-01 19:56:00+00:00 → 2025-12-01 20:27:00+00:00,EWJ follows QQQ,0,0.7799628526765126
2025-12-01 19:56:00+00:00 → 2025-12-01 20:27:00+00:00,EWT follows QQQ,0,0.8453690586532069
2025-12-01 19:56:00+00:00 → 2025-12-01 20:27:00+00:00,EWC follows QQQ,0,0.3971837864934322
2025-12-01 19:56:00+00:00 → 2025-12-01 20:27:00+00:00,EWU follows QQQ,0,0.4808299564640433
2025-12-01 19:56:00+00:00 → 2025-12-01 20:27:00+00:00,XLK follows QQQ,0,0.975819716047183
2025-12-01 19:57:00+00:00 → 2025-12-01 20:28:00+00:00,EWJ follows QQQ,0,0.7719857980895648
2025-12-01 19:57:00+00:00 → 2025-12-01 20:28:00+00:00,EWT follows QQQ,0,0.8696349974459001
2025-12-01 19:57:00+00:00 → 2025-12-01 20:28:00+00:00,EWC follows QQQ,0,0.3989496304199302
2025-12-01 19:57:00+00:00 → 2025-12-01 20:28:00+00:00,EWU follows QQQ,0,0.4837335446098569
2025-12-01 19:57:00+00:00 → 2025-12-01 20:28:00+00:00,XLK follows QQQ,0,0.981855912140447
2025-12-01 20:00:00+00:00 → 2025-12-01 20:29:00+00:00,EWJ follows QQQ,0,0.7631592523090087
2025-12-01 20:00:00+00:00 → 2025-12-01 20:29:00+00:00,EWT follows QQQ,0,0.8686850052565541
2025-12-01 20:00:00+00:00 → 2025-12-01 20:29:00+00:00,EWC follows QQQ,0,0.40252004793845914
2025-12-01 20:00:00+00:00 → 2025-12-01 20:29:00+00:00,EWU follows QQQ,0,0.46500939428617005
2025-12-01 20:00:00+00:00 → 2025-12-01 20:29:00+00:00,XLK follows QQQ,0,0.9862757716694216
2025-12-01 20:01:00+00:00 → 2025-12-01 20:30:00+00:00,EWJ follows QQQ,0,0.72259732894082
2025-12-01 20:01:00+00:00 → 2025-12-01 20:30:00+00:00,EWT follows QQQ,0,0.8569666400169615
2025-12-01 20:01:00+00:00 → 2025-12-01 20:30:00+00:00,EWC follows QQQ,0,0.38023099369280755
2025-12-01 20:01:00+00:00 → 2025-12-01 20:30:00+00:00,EWU follows QQQ,0,0.44749621255136274
2025-12-01 20:01:00+00:00 → 2025-12-01 20:30:00+00:00,XLK follows QQQ,0,0.9849491442062079
2025-12-01 20:02:00+00:00 → 2025-12-01 20:31:00+00:00,EWJ follows QQQ,0,0.7384535105191782
2025-12-01 20:02:00+00:00 → 2025-12-01 20:31:00+00:00,EWT follows QQQ,0,0.8661234503362824
2025-12-01 20:02:00+00:00 → 2025-12-01 20:31:00+00:00,EWC follows QQQ,0,0.42177895425056944
2025-12-01 20:02:00+00:00 → 2025-12-01 20:31:00+00:00,EWU follows QQQ,0,0.4936555617765727
2025-12-01 20:02:00+00:00 → 2025-12-01 20:31:00+00:00,XLK follows QQQ,0,0.9864362313267676
2025-12-01 20:03:00+00:00 → 2025-12-01 20:32:00+00:00,EWJ follows QQQ,0,0.7447582123073757
2025-12-01 20:03:00+00:00 → 2025-12-01 20:32:00+00:00,EWT follows QQQ,0,0.8600853479919983
2025-12-01 20:03:00+00:00 → 2025-12-01 20:32:00+00:00,EWC follows QQQ,0,0.4124200300868954
2025-12-01 20:03:00+00:00 → 2025-12-01 20:32:00+00:00,EWU follows QQQ,0,0.4716811533082055
2025-12-01 20:03:00+00:00 → 2025-12-01 20:32:00+00:00,XLK follows QQQ,0,0.9819992009667968
2025-12-01 20:04:00+00:00 → 2025-12-01 20:33:00+00:00,EWJ follows QQQ,0,0.7218964265738983
2025-12-01 20:04:00+00:00 → 2025-12-01 20:33:00+00:00,EWT follows QQQ,0,0.842260081075947
2025-12-01 20:04:00+00:00 → 2025-12-01 20:33:00+00:00,EWC follows QQQ,0,0.40193771795124483
2025-12-01 20:04:00+00:00 → 2025-12-01 20:33:00+00:00,EWU follows QQQ,0,0.4576956062310386
2025-12-01 20:04:00+00:00 → 2025-12-01 20:33:00+00:00,XLK follows QQQ,0,0.9806139491958692
2025-12-01 20:05:00+00:00 → 2025-12-01 20:34:00+00:00,EWJ follows QQQ,0,0.731601590663025
2025-12-01 20:05:00+00:00 → 2025-12-01 20:34:00+00:00,EWT follows QQQ,0,0.7944642667082745
2025-12-01 20:05:00+00:00 → 2025-12-01 20:34:00+00:00,EWC follows QQQ,0,0.38263475839760297
2025-12-01 20:05:00+00:00 → 2025-12-01 20:34:00+00:00,EWU follows QQQ,0,0.4484183134660403
2025-12-01 20:05:00+00:00 → 2025-12-01 20:34:00+00:00,XLK follows QQQ,0,0.9807329233334978
2025-12-01 20:06:00+00:00 → 2025-12-01 20:35:00+00:00,EWJ follows QQQ,0,0.7468714931836067
2025-12-01 20:06:00+00:00 → 2025-12-01 20:35:00+00:00,EWT follows QQQ,0,0.8017070376257219
2025-12-01 20:06:00+00:00 → 2025-12-01 20:35:00+00:00,EWC follows QQQ,0,0.3951107557661724
2025-12-01 20:06:00+00:00 → 2025-12-01 20:35:00+00:00,EWU follows QQQ,0,0.4671852724991256
2025-12-01 20:06:00+00:00 → 2025-12-01 20:35:00+00:00,XLK follows QQQ,0,0.9838393341148155
2025-12-01 20:07:00+00:00 → 2025-12-01 20:36:00+00:00,EWJ follows QQQ,0,0.7463384549759408
2025-12-01 20:07:00+00:00 → 2025-12-01 20:36:00+00:00,EWT follows QQQ,0,0.8163519718678514
2025-12-01 20:07:00+00:00 → 2025-12-01 20:36:00+00:00,EWC follows QQQ,-4,0.4121455786504271
2025-12-01 20:07:00+00:00 → 2025-12-01 20:36:00+00:00,EWU follows QQQ,0,0.471994935770805
2025-12-01 20:07:00+00:00 → 2025-12-01 20:36:00+00:00,XLK follows QQQ,0,0.9822481759747937
2025-12-01 20:08:00+00:00 → 2025-12-01 20:37:00+00:00,EWJ follows QQQ,0,0.7537790912330625
2025-12-01 20:08:00+00:00 → 2025-12-01 20:37:00+00:00,EWT follows QQQ,0,0.8115589829305812
2025-12-01 20:08:00+00:00 → 2025-12-01 20:37:00+00:00,EWC follows QQQ,0,0.4620111620766048
2025-12-01 20:08:00+00:00 → 2025-12-01 20:37:00+00:00,EWU follows QQQ,0,0.5302482593869989
2025-12-01 20:08:00+00:00 → 2025-12-01 20:37:00+00:00,XLK follows QQQ,0,0.9768233452855493
2025-12-01 20:09:00+00:00 → 2025-12-01 20:38:00+00:00,EWJ follows QQQ,0,0.7586388515867086
2025-12-01 20:09:00+00:00 → 2025-12-01 20:38:00+00:00,EWT follows QQQ,0,0.812136322422206
2025-12-01 20:09:00+00:00 → 2025-12-01 20:38:00+00:00,EWC follows QQQ,0,0.4728710647386892
2025-12-01 20:09:00+00:00 → 2025-12-01 20:38:00+00:00,EWU follows QQQ,0,0.5445061565651739
2025-12-01 20:09:00+00:00 → 2025-12-01 20:38:00+00:00,XLK follows QQQ,0,0.9762230067204335
2025-12-01 20:10:00+00:00 → 2025-12-01 20:39:00+00:00,EWJ follows QQQ,0,0.7601673072644777
2025-12-01 20:10:00+00:00 → 2025-12-01 20:39:00+00:00,EWT follows QQQ,0,0.8128813557574653
2025-12-01 20:10:00+00:00 → 2025-12-01 20:39:00+00:00,EWC follows QQQ,0,0.527911179948493
2025-12-01 20:10:00+00:00 → 2025-12-01 20:39:00+00:00,EWU follows QQQ,0,0.5592090754697971
2025-12-01 20:10:00+00:00 → 2025-12-01 20:39:00+00:00,XLK follows QQQ,0,0.9764074866553465
2025-12-01 20:11:00+00:00 → 2025-12-01 20:40:00+00:00,EWJ follows QQQ,0,0.7322526887321955
2025-12-01 20:11:00+00:00 → 2025-12-01 20:40:00+00:00,EWT follows QQQ,0,0.7616844670584931
2025-12-01 20:11:00+00:00 → 2025-12-01 20:40:00+00:00,EWC follows QQQ,0,0.47526842268905833
2025-12-01 20:11:00+00:00 → 2025-12-01 20:40:00+00:00,EWU follows QQQ,0,0.6008985785670694
2025-12-01 20:11:00+00:00 → 2025-12-01 20:40:00+00:00,XLK follows QQQ,0,0.9728920455279633
2025-12-01 20:12:00+00:00 → 2025-12-01 20:41:00+00:00,EWJ follows QQQ,0,0.7192568080533353
2025-12-01 20:12:00+00:00 → 2025-12-01 20:41:00+00:00,EWT follows QQQ,0,0.7588477798120766
2025-12-01 20:12:00+00:00 → 2025-12-01 20:41:00+00:00,EWC follows QQQ,0,0.40176371372633723
2025-12-01 20:12:00+00:00 → 2025-12-01 20:41:00+00:00,EWU follows QQQ,0,0.583283310354162
2025-12-01 20:12:00+00:00 → 2025-12-01 20:41:00+00:00,XLK follows QQQ,0,0.9720685683534966
2025-12-01 20:13:00+00:00 → 2025-12-01 20:42:00+00:00,EWJ follows QQQ,0,0.7176057251253432
2025-12-01 20:13:00+00:00 → 2025-12-01 20:42:00+00:00,EWT follows QQQ,0,0.7615615500037816
2025-12-01 20:13:00+00:00 → 2025-12-01 20:42:00+00:00,EWC follows QQQ,0,0.40713245336312187
2025-12-01 20:13:00+00:00 → 2025-12-01 20:42:00+00:00,EWU follows QQQ,0,0.5880112325202134
2025-12-01 20:13:00+00:00 → 2025-12-01 20:42:00+00:00,XLK follows QQQ,0,0.9722246439053986
2025-12-01 20:14:00+00:00 → 2025-12-01 20:43:00+00:00,EWJ follows QQQ,0,0.7058953482961224
2025-12-01 20:14:00+00:00 → 2025-12-01 20:43:00+00:00,EWT follows QQQ,0,0.7510037421780611
2025-12-01 20:14:00+00:00 → 2025-12-01 20:43:00+00:00,EWC follows QQQ,0,0.3666352741976692
2025-12-01 20:14:00+00:00 → 2025-12-01 20:43:00+00:00,EWU follows QQQ,0,0.5571486328074308
2025-12-01 20:14:00+00:00 → 2025-12-01 20:43:00+00:00,XLK follows QQQ,0,0.9704061840095903
2025-12-01 20:15:00+00:00 → 2025-12-01 20:44:00+00:00,EWJ follows QQQ,0,0.6863160568148894
2025-12-01 20:15:00+00:00 → 2025-12-01 20:44:00+00:00,EWT follows QQQ,0,0.7376882272145284
2025-12-01 20:15:00+00:00 → 2025-12-01 20:44:00+00:00,EWC follows QQQ,0,0.4126177163559078
2025-12-01 20:15:00+00:00 → 2025-12-01 20:44:00+00:00,EWU follows QQQ,0,0.5755963922451158
2025-12-01 20:15:00+00:00 → 2025-12-01 20:44:00+00:00,XLK follows QQQ,0,0.9641889324626624
2025-12-01 20:16:00+00:00 → 2025-12-01 20:45:00+00:00,EWJ follows QQQ,0,0.681065357715662
2025-12-01 20:16:00+00:00 → 2025-12-01 20:45:00+00:00,EWT follows QQQ,0,0.7493275511968619
2025-12-01 20:16:00+00:00 → 2025-12-01 20:45:00+00:00,EWC follows QQQ,0,0.45468784908665694
2025-12-01 20:16:00+00:00 → 2025-12-01 20:45:00+00:00,EWU follows QQQ,0,0.6074926730848411
2025-12-01 20:16:00+00:00 → 2025-12-01 20:45:00+00:00,XLK follows QQQ,0,0.9670178508839521
2025-12-01 20:17:00+00:00 → 2025-12-01 20:46:00+00:00,EWJ follows QQQ,0,0.7139130357438026
2025-12-01 20:17:00+00:00 → 2025-12-01 20:46:00+00:00,EWT follows QQQ,0,0.8001133887570939
2025-12-01 20:17:00+00:00 → 2025-12-01 20:46:00+00:00,EWC follows QQQ,0,0.4835652016743369
2025-12-01 20:17:00+00:00 → 2025-12-01 20:46:00+00:00,EWU follows QQQ,0,0.6532935589449126
2025-12-01 20:17:00+00:00 → 2025-12-01 20:46:00+00:00,XLK follows QQQ,0,0.9705449138805522
2025-12-01 20:18:00+00:00 → 2025-12-01 20:47:00+00:00,EWJ follows QQQ,0,0.7162089532701724
2025-12-01 20:18:00+00:00 → 2025-12-01 20:47:00+00:00,EWT follows QQQ,0,0.7645623662726471
2025-12-01 20:18:00+00:00 → 2025-12-01 20:47:00+00:00,EWC follows QQQ,4,0.455556857239067
2025-12-01 20:18:00+00:00 → 2025-12-01 20:47:00+00:00,EWU follows QQQ,0,0.568812874353052
2025-12-01 20:18:00+00:00 → 2025-12-01 20:47:00+00:00,XLK follows QQQ,0,0.9665485065925121
2025-12-01 20:19:00+00:00 → 2025-12-01 20:48:00+00:00,EWJ follows QQQ,0,0.6973188539796878
2025-12-01 20:19:00+00:00 → 2025-12-01 20:48:00+00:00,EWT follows QQQ,0,0.7440515592538531
2025-12-01 20:19:00+00:00 → 2025-12-01 20:48:00+00:00,EWC follows QQQ,4,0.4363115125627975
2025-12-01 20:19:00+00:00 → 2025-12-01 20:48:00+00:00,EWU follows QQQ,0,0.5860591346413623
2025-12-01 20:19:00+00:00 → 2025-12-01 20:48:00+00:00,XLK follows QQQ,0,0.9666256879611991
2025-12-01 20:20:00+00:00 → 2025-12-01 20:49:00+00:00,EWJ follows QQQ,0,0.6883435765063258
2025-12-01 20:20:00+00:00 → 2025-12-01 20:49:00+00:00,EWT follows QQQ,0,0.7384223543895643
2025-12-01 20:20:00+00:00 → 2025-12-01 20:49:00+00:00,EWC follows QQQ,4,0.45455912180691593
2025-12-01 20:20:00+00:00 → 2025-12-01 20:49:00+00:00,EWU follows QQQ,0,0.6154454155059376
2025-12-01 20:20:00+00:00 → 2025-12-01 20:49:00+00:00,XLK follows QQQ,0,0.9664805655757297
2025-12-01 20:21:00+00:00 → 2025-12-01 20:50:00+00:00,EWJ follows QQQ,0,0.6825558839774274
2025-12-01 20:21:00+00:00 → 2025-12-01 20:50:00+00:00,EWT follows QQQ,0,0.7421453922567477
2025-12-01 20:21:00+00:00 → 2025-12-01 20:50:00+00:00,EWC follows QQQ,4,0.5450098689909767
2025-12-01 20:21:00+00:00 → 2025-12-01 20:50:00+00:00,EWU follows QQQ,0,0.6074903659509739
2025-12-01 20:21:00+00:00 → 2025-12-01 20:50:00+00:00,XLK follows QQQ,0,0.9651537225796561
2025-12-01 20:22:00+00:00 → 2025-12-01 20:51:00+00:00,EWJ follows QQQ,0,0.5573207193178042
2025-12-01 20:22:00+00:00 → 2025-12-01 20:51:00+00:00,EWT follows QQQ,0,0.7684161291932041
2025-12-01 20:22:00+00:00 → 2025-12-01 20:51:00+00:00,EWC follows QQQ,0,0.40876434789251276
2025-12-01 20:22:00+00:00 → 2025-12-01 20:51:00+00:00,EWU follows QQQ,0,0.6581611904487791
2025-12-01 20:22:00+00:00 → 2025-12-01 20:51:00+00:00,XLK follows QQQ,0,0.9677499480065374
2025-12-01 20:23:00+00:00 → 2025-12-01 20:52:00+00:00,EWJ follows QQQ,0,0.5365444660736866
2025-12-01 20:23:00+00:00 → 2025-12-01 20:52:00+00:00,EWT follows QQQ,0,0.7717775884582413
2025-12-01 20:23:00+00:00 → 2025-12-01 20:52:00+00:00,EWC follows QQQ,4,0.43525724682919503
2025-12-01 20:23:00+00:00 → 2025-12-01 20:52:00+00:00,EWU follows QQQ,0,0.5730703288928704
2025-12-01 20:23:00+00:00 → 2025-12-01 20:52:00+00:00,XLK follows QQQ,0,0.9690581469627283
2025-12-01 20:24:00+00:00 → 2025-12-01 20:53:00+00:00,EWJ follows QQQ,0,0.5468945979224819
2025-12-01 20:24:00+00:00 → 2025-12-01 20:53:00+00:00,EWT follows QQQ,0,0.7608555082506507
2025-12-01 20:24:00+00:00 → 2025-12-01 20:53:00+00:00,EWC follows QQQ,4,0.4412555128648509
2025-12-01 20:24:00+00:00 → 2025-12-01 20:53:00+00:00,EWU follows QQQ,0,0.5563554970778728
2025-12-01 20:24:00+00:00 → 2025-12-01 20:53:00+00:00,XLK follows QQQ,0,0.9635819262823713
2025-12-01 20:25:00+00:00 → 2025-12-01 20:54:00+00:00,EWJ follows QQQ,0,0.537841544810173
2025-12-01 20:25:00+00:00 → 2025-12-01 20:54:00+00:00,EWT follows QQQ,0,0.7555737331239073
2025-12-01 20:25:00+00:00 → 2025-12-01 20:54:00+00:00,EWC follows QQQ,4,0.4361191622433627
2025-12-01 20:25:00+00:00 → 2025-12-01 20:54:00+00:00,EWU follows QQQ,0,0.4776202242484654
2025-12-01 20:25:00+00:00 → 2025-12-01 20:54:00+00:00,XLK follows QQQ,0,0.8988530278039202
2025-12-01 20:26:00+00:00 → 2025-12-01 20:55:00+00:00,EWJ follows QQQ,0,0.5636808796906411
2025-12-01 20:26:00+00:00 → 2025-12-01 20:55:00+00:00,EWT follows QQQ,0,0.6939613893013883
2025-12-01 20:26:00+00:00 → 2025-12-01 20:55:00+00:00,EWC follows QQQ,4,0.5010684856730421
2025-12-01 20:26:00+00:00 → 2025-12-01 20:55:00+00:00,EWU follows QQQ,0,0.4096756281102068
2025-12-01 20:26:00+00:00 → 2025-12-01 20:55:00+00:00,XLK follows QQQ,0,0.8987917694951133
2025-12-01 20:27:00+00:00 → 2025-12-01 20:56:00+00:00,EWJ follows QQQ,0,0.6773652893803623
2025-12-01 20:27:00+00:00 → 2025-12-01 20:56:00+00:00,EWT follows QQQ,0,0.6709838494222254
2025-12-01 20:27:00+00:00 → 2025-12-01 20:56:00+00:00,EWC follows QQQ,4,0.5192480312619443
2025-12-01 20:27:00+00:00 → 2025-12-01 20:56:00+00:00,EWU follows QQQ,0,0.4406615596507549
2025-12-01 20:27:00+00:00 → 2025-12-01 20:56:00+00:00,XLK follows QQQ,0,0.9104191688843946
2025-12-01 20:28:00+00:00 → 2025-12-01 20:57:00+00:00,EWJ follows QQQ,0,0.6307903200196132
2025-12-01 20:28:00+00:00 → 2025-12-01 20:57:00+00:00,EWT follows QQQ,0,0.6750123953887168
2025-12-01 20:28:00+00:00 → 2025-12-01 20:57:00+00:00,EWC follows QQQ,4,0.4840022644748586
2025-12-01 20:28:00+00:00 → 2025-12-01 20:57:00+00:00,EWU follows QQQ,0,0.48355863127211035
2025-12-01 20:28:00+00:00 → 2025-12-01 20:57:00+00:00,XLK follows QQQ,0,0.9058268633164499
2025-12-01 20:29:00+00:00 → 2025-12-01 20:58:00+00:00,EWJ follows QQQ,0,0.6103768727738796
2025-12-01 20:29:00+00:00 → 2025-12-01 20:58:00+00:00,EWT follows QQQ,0,0.6700148095997889
2025-12-01 20:29:00+00:00 → 2025-12-01 20:58:00+00:00,EWC follows QQQ,4,0.4558298995232673
2025-12-01 20:29:00+00:00 → 2025-12-01 20:58:00+00:00,EWU follows QQQ,0,0.47267030791051295
2025-12-01 20:29:00+00:00 → 2025-12-01 20:58:00+00:00,XLK follows QQQ,0,0.90625940176443
2025-12-01 20:30:00+00:00 → 2025-12-01 20:59:00+00:00,EWJ follows QQQ,0,0.6809001710526753
2025-12-01 20:30:00+00:00 → 2025-12-01 20:59:00+00:00,EWT follows QQQ,0,0.7880479899494066
2025-12-01 20:30:00+00:00 → 2025-12-01 20:59:00+00:00,EWC follows QQQ,4,0.44483983753382866
2025-12-01 20:30:00+00:00 → 2025-12-01 20:59:00+00:00,EWU follows QQQ,0,0.6298363564966986
2025-12-01 20:30:00+00:00 → 2025-12-01 20:59:00+00:00,XLK follows QQQ,0,0.9184853692905348
